d,n,lamb,pp_train_mean,pp_train_std,pp_test_mean,pp_test_std,jorg_train_mean,jorg_train_std,jorg_test_mean,jorg_test_std
10,10,0.1,768.2562243625018,473.3705608499128,668.9480156507378,461.14081903914837,893.3304430711694,599.9032738612951,781.3427553189274,578.9463213425787
10,10,0.5,76.76566912444352,46.44438379475253,66.89988204038794,45.33802562297055,90.02333281236622,61.868716065383964,78.46044068826819,59.45332907974715
10,10,1.0,29.23851006737563,18.380380602214824,25.404762723969714,17.862891803836835,33.40268505733282,22.096872666709107,29.18102924009424,21.54888014975505
10,10,3.0,6.562341330606742,4.0043839373882495,5.707871882635755,3.9109876697354813,7.6695779810443305,5.129594219603736,6.748251257371623,5.018580100506146
10,10,5.0,3.39839225269795,2.0777807976344316,2.951734019219727,2.0402254716571786,3.9464327461214546,2.670907585970314,3.4506449557444596,2.543991084785028
10,10,10.0,1.3974099131865323,0.8645211185120528,1.2154803427527172,0.8463393219648009,1.6115149697936804,1.0587299884443577,1.4054973998175926,1.0229371588966747
10,10,30.0,0.33838994093303865,0.1940358893957731,0.2741282662056204,0.18538207439176155,0.38624946535077553,0.2446087618577366,0.3206957060610056,0.23337509658160532
10,10,50.0,0.21961185522569873,0.11206765698665788,0.15601619108662368,0.10109143324224566,0.24558649413256098,0.13738451564970158,0.17941444584405702,0.1263342500420302
10,10,70.0,0.18394087283916596,0.0821812856567695,0.11219326940884246,0.06957317424980759,0.19842509590467403,0.09774042290089281,0.12832943844542957,0.08602105943349729
10,10,100.0,0.16634135724543886,0.060448677602903525,0.08707619805282348,0.0483625175740739,0.17422588475142842,0.06962119314329625,0.09708843338891443,0.0593958442994831
10,10,250.0,0.1573689184883166,0.025637286327447762,0.06404306282493391,0.020646422400920374,0.15852310847109824,0.029830064952633784,0.06595760099058148,0.02377765257400373
10,10,500.0,0.1571202889240394,0.012727559040327553,0.061618919812653425,0.01093804944431029,0.1572225445815795,0.015378545953594754,0.06193018517062238,0.012901474512841474
10,10,750.0,0.15729562676590464,0.008509754456130508,0.061270164293356424,0.007325467245743092,0.15741414513054472,0.010161824433163557,0.06162707799020886,0.008702477350996536
10,10,1000.0,0.15730412439999278,0.006462023988650369,0.06126456580348905,0.005598058466850022,0.15745295866858233,0.0076043435225152094,0.06142843862645005,0.006555251830884278
10,50,0.1,166.04357375777093,96.17057487712158,165.61786578119552,96.35535936675481,182.36762229327277,107.8193277579401,182.66822679326035,107.58992350438263
10,50,0.2,60.98899537649074,35.47225790764859,61.04949288362366,35.28143461615937,67.34401331988728,39.69595252471198,67.37832134344607,39.631497469740175
10,50,0.5,16.66753214337088,9.773637325323552,16.700492113274052,9.745997152623419,17.982964021990878,10.635426307186895,17.98585067015279,10.614544357420531
10,50,1.0,6.267936619332382,3.6995939523617225,6.259992550712506,3.6692996932665367,6.949051664294803,4.113333918392446,6.94551278465082,4.104268797802143
10,50,3.0,1.4304774123107895,0.834587092754292,1.429784027359413,0.8309589116684731,1.5746559360921477,0.9162483054586494,1.5778332355326132,0.9157901619868055
10,50,5.0,0.7412840824014787,0.4215612820785364,0.7401141806726701,0.4168703067507176,0.8245320565463226,0.48871651860614607,0.823119530488097,0.48406342293615
10,50,10.0,0.35648851205197996,0.19949275917898007,0.3480441748200082,0.18935338341365482,0.38661081898556626,0.21993410804489094,0.3778110075627034,0.20999821443749145
10,50,30.0,0.24681476065844946,0.06392797835524394,0.21941824909033047,0.05810030002684068,0.24721383247374096,0.07041713008752212,0.2206020886943856,0.06359548928777196
10,50,50.0,0.25199508820346445,0.03559570277544826,0.22252094210045026,0.03313805875544245,0.25268779858510615,0.03946927100444774,0.2232170837709653,0.03669161786600122
10,50,70.0,0.2551297068992387,0.024337026436740357,0.22502259817128614,0.02275862929419466,0.25629488990902266,0.02740535992440506,0.22623750864408115,0.025604483187905237
10,50,100.0,0.2583136059880294,0.01647052270811348,0.22787440952157373,0.015432464239263843,0.2585529873889224,0.018615325162278432,0.22813255232053412,0.017428020280962093
10,50,250.0,0.2623304393707714,0.006308899128901917,0.23150730968150088,0.005926816736899682,0.26234666481707214,0.006974413782035679,0.23154437457593371,0.006554780974454015
10,50,500.0,0.26374539455443724,0.0030479687837876015,0.23281498834450276,0.0028727732583306333,0.263738263271292,0.0034266980589905617,0.23280292433952637,0.0032249438612042625
10,50,750.0,0.26419925036165004,0.0020286391921472855,0.2332346441650248,0.0019141808549239666,0.2641966410064296,0.0022343127206635284,0.23322812406111143,0.0021037297209563965
10,50,1000.0,0.2644292441201089,0.0015234576220670177,0.2334430381412848,0.0014338850697736241,0.2644509629122284,0.001687305746197537,0.23346290061246827,0.0015838492667749505
10,50,2000.0,0.2647949294116551,0.00075452637644196,0.23378562083309945,0.000713153184752509,0.264794618476344,0.0008422661676888652,0.2337836882851886,0.0007917889923912306
10,100,0.1,89.29846557813346,49.76013471807853,87.26227907271563,49.17187709913563,99.34444192916409,55.63995042510035,96.97915185323077,54.7911711204551
10,100,0.2,32.52412787125969,18.125927467476174,31.724509580480227,17.82068176244662,36.25839656267589,20.17206414143417,35.35435913022222,19.876848243564307
10,100,0.5,8.878445547949577,4.909957200761738,8.67304351638183,4.823996402401328,9.994183796829851,5.642398660214774,9.76133213333677,5.58042243871235
10,100,1.0,3.3706322624558345,1.8529274293983138,3.2859465300599577,1.8262333331032117,3.7657882344426645,2.083078357479521,3.676667199162084,2.058658064195282
10,100,3.0,0.7673356324949112,0.41782558337201975,0.7473790763838677,0.4119427736422417,0.8629130295496515,0.46898392431891683,0.8408263868935213,0.4641703486499612
10,100,5.0,0.4013190477709201,0.2154201170035881,0.38891508795415114,0.21381206036376807,0.4509032092171353,0.24372646484936347,0.43784903746888004,0.24165184696097852
10,100,10.0,0.1905403999753626,0.0820527901052902,0.18214303435591472,0.08602678481724466,0.20775974171134048,0.09336867479140736,0.19858016453211516,0.09640962078160098
10,100,30.0,0.10404741827533576,0.013151625216037535,0.097760890443371,0.019691386049258693,0.10610088303607149,0.014836382087121387,0.09952064441999732,0.021671805631387625
10,100,50.0,0.09932905884174488,0.006666836518563507,0.09411851447860377,0.011277110404692748,0.09987471579748658,0.007506815788973662,0.09454247245619453,0.012435480783107598
10,100,70.0,0.09823219956316591,0.004399857177459228,0.09328335823874681,0.007745006576814144,0.09844485965243348,0.0049835434217899354,0.09335306027383888,0.008746487922979416
10,100,100.0,0.09777655690186031,0.0029213848983356294,0.09302794100720223,0.005258010291176836,0.09784571019025076,0.003308694237395284,0.09303929907785445,0.005870283995550801
10,100,250.0,0.097559681728101,0.0010963876397546291,0.09303603793019963,0.001983875730687882,0.09758679201577156,0.0012550042017975568,0.09305280727387533,0.002288638227163718
10,100,500.0,0.09756428177825985,0.0005508817636062005,0.09308472305590133,0.0009995047983910668,0.09755361648871749,0.0006181895977877561,0.09306606147678671,0.0011141004982377224
10,100,750.0,0.09757560265028874,0.0003644151146464197,0.09312213464058941,0.0006566554943308162,0.09757663558598786,0.00040520731901468585,0.09311324698278647,0.0007337622796952253
10,100,1000.0,0.09758516346814121,0.0002737821480765192,0.09313837618716125,0.0004938923667827944,0.09758202643181209,0.0003065245272580401,0.09312715078548646,0.0005556320509409238
10,100,2000.0,0.0975979527036392,0.000134558601789797,0.09316085415692386,0.00024332531628009352,0.0975972259138714,0.00015271727513834906,0.09315973661117728,0.00027362796515305635
10,200,0.1,43.75756885886876,24.19298951481203,44.182328265407435,24.668819021861857,49.1972985640246,27.19940947455372,49.667804456069376,27.72358460897664
10,200,0.2,16.22535621344189,9.118598294219856,16.376584269240425,9.286608191724056,18.321949925310754,10.16517784857571,18.526502992448126,10.36318317795879
10,200,0.5,4.404409863664445,2.4759078597489337,4.453069593187162,2.527384168056492,4.915216052272576,2.755614435714341,4.961851994800145,2.8113132106863596
10,200,1.0,1.663842171156028,0.9126803934198487,1.6830639888673105,0.9337615207902463,1.889422928933285,1.0496863157719982,1.9079772399010066,1.0704664498868324
10,200,3.0,0.38696195950294615,0.2051314347184882,0.39069199538653343,0.20992117939689875,0.43321600143831945,0.23309145288478794,0.4368856561086534,0.23804089154375996
10,200,5.0,0.2179952683941423,0.10184512209993572,0.2201218250025771,0.1056883838305142,0.23843116540384746,0.11669910750430525,0.24032309481515376,0.12038809224811023
10,200,10.0,0.12558069620989573,0.03674435944948477,0.12688434017887912,0.0400811390235207,0.1326799969644483,0.043214563361980894,0.13389089917852712,0.04647802641781759
10,200,30.0,0.09704560143509082,0.006748665842974634,0.0991263062154754,0.008717533751609408,0.09755049578673484,0.007626628994980174,0.0995998639095141,0.009835627547318784
10,200,50.0,0.0961163336970988,0.0036348327077980877,0.0984147101928358,0.004794372799259623,0.09629927736182382,0.004141528608713589,0.09860065383126777,0.005416810998460136
10,200,70.0,0.09596391430011537,0.002484115267787115,0.0983260040786314,0.003273203486586454,0.09601786388902578,0.0028043667306890886,0.09836799833444419,0.003708121838711766
10,200,100.0,0.09598183332214694,0.0016999951946109959,0.09839660490263027,0.0022479161304229324,0.0959858545785407,0.0018934804483995828,0.0983913251015878,0.0025004732582432415
10,200,250.0,0.09608291642027561,0.0006380950210470674,0.09855610464100792,0.0008456073668922088,0.09608888967231348,0.0007198389417721878,0.09857180969681681,0.0009527806818020301
10,200,500.0,0.09613671388185512,0.00031916363470240995,0.09863302488852878,0.000423542754461923,0.09613704207217189,0.0003527404472976675,0.09863363299232387,0.00046525056890319604
10,200,750.0,0.09615949678961186,0.00021089298434899756,0.09866306179287157,0.0002785424680057137,0.09615815042575562,0.00023641532153834474,0.09866072508082509,0.00030912559579122597
10,200,1000.0,0.09617320091848096,0.00015789158626029103,0.09867958897515415,0.00020805805273217386,0.09617064382979998,0.0001771229638187344,0.09867740651591128,0.00023291275685419322
10,200,2000.0,0.09618622708209969,7.932655649738767e-05,0.0986966412966274,0.00010401887131631922,0.09618549902518027,8.775276803735127e-05,0.09869561838827222,0.00011569418071870464
20,10,0.2,1169.7630164860918,630.0023278047848,1061.5096661528978,689.7147006982949,1328.8582535614173,782.7568402604136,1221.424735290604,840.6159321434234
20,10,1.0,115.01097451103544,62.11033495545775,104.25061118478293,67.1679526922222,132.11636453486116,77.82392284276123,120.68269667305448,83.56984463278194
20,10,2.0,44.156774451096005,23.856572558568654,40.05989570934109,25.851810402061222,50.369011403299915,29.31354883114461,45.806404493840496,30.953220143744
20,10,6.0,9.849111053797998,5.363890376593531,8.997722493345345,5.859191254085448,11.421874974684599,6.717130990640493,10.405609220653107,7.157133803169733
20,10,10.0,5.1484063781399705,2.793335215675456,4.67104184117868,2.9907691752246275,5.81095072298675,3.4038103297837954,5.294239315897897,3.627700390744853
20,10,20.0,2.1329750255642317,1.1677909291466546,1.9243802787719608,1.2552245164323486,2.392675232357387,1.4033345964317576,2.179024016378134,1.4892625540995235
20,10,60.0,0.4947050415012678,0.26835788871996386,0.45247191333834597,0.2914037250967055,0.5546427020064743,0.3216539613609423,0.5058418167919171,0.34499728025007204
20,10,100.0,0.2979532987554339,0.15902040843250176,0.27470318734290916,0.17312996645545484,0.32725885375152103,0.18590344971497014,0.3019638724264708,0.2000846592308792
20,10,140.0,0.23387299186962682,0.11947247693152029,0.22046996538540092,0.13164909327830435,0.2530331526598038,0.13583802967126096,0.23507232579164491,0.14940059245452822
20,10,200.0,0.19920787495794376,0.0914072630301278,0.19162872370073114,0.10103744311915257,0.20974850183945692,0.10286567251558595,0.2003747672368041,0.11256580172823961
20,10,500.0,0.18110132925472108,0.04131150246700435,0.18109998782215161,0.04427093437964028,0.18131402996573412,0.04749192684721379,0.18102747755590398,0.05091270027762439
20,10,1000.0,0.18009070092004362,0.020758708564442584,0.18114006250286419,0.021754803954005007,0.18005001738493462,0.02360421807122795,0.18113254588918576,0.02501760260167502
20,10,1500.0,0.17998030441881857,0.013747757751928992,0.18134915904805654,0.01450133385812819,0.17992443416989237,0.015862161635174808,0.18101782060767463,0.01663057821068682
20,10,2000.0,0.17979526614658742,0.010313505449633461,0.18117337617627954,0.010770328652366462,0.17981988879106114,0.011915318266874923,0.18117814107134808,0.012501833785589344
20,50,0.2,262.89720350766714,136.547289622874,241.4414544522023,130.5719837203827,301.2843468530637,161.71123054082875,276.9823819446869,153.36670177972405
20,50,0.4,96.0950424086317,49.7650010148596,88.47801367219529,47.445277005446215,110.23639357330585,59.43743691913237,101.72715779615937,56.59615298085539
20,50,1.0,26.040132529400022,13.451708983358015,23.966587253803525,12.838817182602645,30.234669093733647,16.441179497526925,27.88833495448506,15.595070989863009
20,50,2.0,9.958714885464278,5.275168256108803,9.183227218477132,5.016014663934586,11.470728976683578,6.242949139455844,10.542006407798228,5.95222921271757
20,50,6.0,2.2777666140164694,1.208977955156941,2.0927901682292953,1.1520590588179682,2.586025390510513,1.399552932947954,2.3813284572545106,1.3330915136321448
20,50,10.0,1.16064254864009,0.607037397499579,1.067919294317589,0.5768767801894938,1.329786028251499,0.72165674364011,1.2217785693108372,0.6850177181522719
20,50,20.0,0.48792396241837416,0.25072256714692726,0.4501937772943282,0.23652976470283282,0.5602649889102467,0.3016053838879657,0.516516055350633,0.2856534376159754
20,50,60.0,0.13017315296570156,0.050147877354228834,0.12371823520286267,0.04685779554994882,0.1426489214297664,0.059952065745374275,0.1352355416547171,0.05588621648319437
20,50,100.0,0.09188934608515187,0.02342662125540982,0.09002878353952233,0.021378299345626014,0.09790518457678653,0.029384222135166612,0.09534150648358027,0.026869913993204635
20,50,140.0,0.08103466790111158,0.014059615048770084,0.08044649089186152,0.012792457314064684,0.08410304435576293,0.017224069043909728,0.08316936200618417,0.015791019415416278
20,50,200.0,0.0750180016880786,0.008336342646994975,0.07519698875716088,0.007385159935681368,0.07673246345727984,0.010473308085676515,0.07655893264930062,0.009278543722953963
20,50,500.0,0.070335699382994,0.002575738721428943,0.07104474874541225,0.002215056553367381,0.07059129152906303,0.0030656394333887457,0.07130270438104035,0.002636988290840535
20,50,1000.0,0.06967185328143673,0.0012267744862441297,0.0705002347684324,0.0010490351498654248,0.06972293152088974,0.0014109715022056417,0.07055645990395717,0.0011970459725879053
20,50,1500.0,0.06957386327111538,0.0007938481655008662,0.07041233635679689,0.0006759927549014013,0.06961234129364866,0.0009208143253279929,0.07042083771666953,0.0007762099443276866
20,50,2000.0,0.0695415374868257,0.0005935241293159988,0.07036443636814765,0.0004983807039719404,0.06955328828329276,0.0006923652885502399,0.07037647216520429,0.000578327635390119
20,50,4000.0,0.06950267682815281,0.00029826118660146293,0.07033073762587906,0.0002512469876054312,0.06950691753972715,0.0003462474480648263,0.07034054651293271,0.00028594490163721584
20,100,0.2,117.98997512536694,61.72376331492429,114.2153221975505,60.631914244801195,131.9477340594086,70.11765153930169,127.3705719876607,68.73653554759112
20,100,0.4,43.38071276265673,22.27947584530343,41.96419516328175,21.895245984124724,48.326122222225905,25.410151877801884,46.72702459449701,24.94782056723059
20,100,1.0,11.831998772040542,6.213577547547098,11.438692047315667,6.107939741082717,13.047901220288937,6.8592822704591,12.612291050652143,6.748418493953734
20,100,2.0,4.526240294652634,2.363095870134911,4.379202905652858,2.3175527578329764,4.922219060775695,2.6356898225844603,4.7588996270022355,2.5986829438076575
20,100,6.0,1.0202049218314366,0.5256668435830667,0.9858416596636894,0.5150753262638006,1.1169596281640286,0.5879513590720864,1.0782285035293508,0.5762365987123974
20,100,10.0,0.5330380936511224,0.2766209482471713,0.5143429386025407,0.27156460616998995,0.5839526386846856,0.3061896750683587,0.5662516880585625,0.3021175835804811
20,100,20.0,0.23541320558624348,0.11594094085871806,0.23048132820303655,0.11454677617154353,0.2564920489973681,0.13077926536780335,0.2503173101446989,0.12837398021069724
20,100,60.0,0.10710312897247413,0.0327653860328558,0.10998701780341498,0.032264271247839364,0.10914224125623305,0.035713301804935045,0.11171007311995786,0.03512086445866289
20,100,100.0,0.10186080186877951,0.019404431762197114,0.10533095115378849,0.01889087843968166,0.10270429268002626,0.021248810272261012,0.10612505538551388,0.02074698144626857
20,100,140.0,0.1015796845802926,0.013713893309525023,0.10522482746787327,0.01324054919203955,0.10216929087154403,0.015180956448683261,0.10576549220589732,0.014721558986311806
20,100,200.0,0.10178794133858425,0.009391457717484272,0.10544125259882162,0.00909149926092891,0.10173075750872347,0.010316413340214473,0.10535945926561079,0.010008809193910381
20,100,500.0,0.10216673203081067,0.003594064897448651,0.1058043340707357,0.0034777284433062106,0.10214796865193612,0.003981312072140028,0.10578505300969186,0.0038367888926366467
20,100,1000.0,0.10241115829056843,0.0017523013923289317,0.10603711850772715,0.0016966886499950938,0.10237867879344162,0.0019299847463961086,0.10600584463873881,0.0018656814239629454
20,100,1500.0,0.10248425559129423,0.0011667378335694983,0.10610872297299806,0.0011289143735562395,0.1024917003398191,0.0012828569229096146,0.10611264365770448,0.0012345603768529776
20,100,2000.0,0.10254075350098442,0.0008661948129159957,0.10616098185635328,0.0008379811517455118,0.10253389703155949,0.000961335611038395,0.10615505818561304,0.0009324241370740545
20,100,4000.0,0.10262329940669122,0.00043207207905193376,0.10623934094271813,0.0004162843461343241,0.10262273207137855,0.0004767159175398903,0.10623827728092876,0.0004598470349513526
20,200,0.2,61.55076763543007,32.44176663660358,63.507825490794936,33.660290801215496,67.03984991772354,34.957766312203624,69.34387674059448,36.32041075991448
20,200,0.4,22.445484931439942,11.583298179394294,23.188961329545226,12.038914560702775,24.704925549836997,12.793042374259567,25.49643565980734,13.314138238861675
20,200,1.0,6.022627239263281,3.1011044410389754,6.206414857373312,3.2199723157118467,6.70339726916425,3.433194521929934,6.922056159356181,3.570525794149883
20,200,2.0,2.3031857902074533,1.1950712128295458,2.376635386978712,1.24100069575667,2.5661297465948953,1.3540316596071358,2.6490586168137664,1.407419664678818
20,200,6.0,0.5268765802376414,0.26725667482967524,0.5454054712072489,0.277696312667134,0.5842385730291466,0.304114272471757,0.6034093151751236,0.3165567763132117
20,200,10.0,0.28145169491292754,0.1397561692599061,0.29430469206798426,0.14697464839525412,0.3079522204982659,0.15671646183127058,0.32144024957284967,0.16393141600792038
20,200,20.0,0.14477783006172917,0.062072171746497526,0.15767850844288592,0.068098187470842,0.15447013688857028,0.06936205895118389,0.1673210979609295,0.07553967090431582
20,200,60.0,0.107241428682338,0.01876221240142585,0.12492415449716143,0.020469003359384855,0.10700500037859934,0.020650888921518683,0.12455221497367397,0.022605060879540912
20,200,100.0,0.10778741940861,0.0104937945756165,0.1258990910407878,0.011321992109421928,0.10792824661582283,0.011509191579850519,0.126021626840641,0.012451602295873783
20,200,140.0,0.10848600847723892,0.007223593648581531,0.12672175726864815,0.007766631435767545,0.10861517581488776,0.008053934846237922,0.1268167412559234,0.008667720548268839
20,200,200.0,0.10916066100295896,0.004899458941407499,0.1274511528111634,0.005260928546176864,0.10914049314300057,0.005407795302359646,0.12741542237881226,0.005825154793606039
20,200,500.0,0.11020247364871216,0.001858371100717069,0.1285750484295957,0.00199227711252185,0.11021168857843332,0.002072262323507248,0.12858401972742953,0.0022240581096295486
20,200,1000.0,0.1105684732923899,0.0009194057017628349,0.1289674255940347,0.0009866580481392266,0.11056877017091944,0.0010058982918334082,0.12896591761323825,0.0010762805096065965
20,200,1500.0,0.11070506944787989,0.0006053483620441995,0.1291139122807462,0.0006478223812214033,0.11069908472233662,0.0006730730165907435,0.12910738263447308,0.0007213414864561769
20,200,2000.0,0.11076292171840454,0.0004556124261443417,0.12917467578760466,0.00048776415156209313,0.1107640998370753,0.0005073841530505391,0.12917619471503605,0.000541664075287332
20,200,4000.0,0.11085939576356664,0.00022578891463074434,0.129276930780881,0.00024246335625572883,0.11085799579284748,0.00024982993066764145,0.12927520189627986,0.000267026545380083
30,10,0.3,1265.2291539433209,677.3014564981987,1241.69795037967,833.2632182114796,1396.426636006648,795.8116519727015,1365.1062259448915,956.0460997186111
30,10,1.5,124.0616946693844,65.46373596169165,121.2248478693712,80.9279407158493,137.38788645573422,77.32178403763132,135.28007394855464,93.5750959145368
30,10,3.0,47.883667232974865,25.7827938335496,47.327127085192195,31.729879115698626,52.66398244521592,30.051185197607506,51.691056691239794,36.41243975439343
30,10,9.0,10.696631504459967,5.720857470043066,10.514760394785183,6.977464835694003,11.895101464236326,6.8888648551807705,11.680091568231129,8.259998174236035
30,10,15.0,5.512682921810486,2.9356770084162744,5.441174677686392,3.614046319675878,6.067910137684121,3.465975116154658,5.964305150400284,4.194976390081678
30,10,30.0,2.3040162739264423,1.2290320473037306,2.249018177251566,1.5276039896499822,2.547082144199977,1.468975177171951,2.49291256055581,1.7672581182981566
30,10,90.0,0.5401485938321865,0.29152905235400944,0.5378065285999558,0.3599986576011077,0.5909764408049767,0.3366642800492758,0.5886614264828324,0.41033983376975336
30,10,150.0,0.3376483311305893,0.18166018094678743,0.3508376621762636,0.2269719218629642,0.3627710938258653,0.20035919062763952,0.3700318629729733,0.24665805122704082
30,10,210.0,0.2733786292267153,0.13707783361368592,0.29225687997050454,0.1711721578682074,0.28738059315450365,0.150837711566515,0.3050037583717431,0.18743474226181592
30,10,300.0,0.2456596010780804,0.10694479861959003,0.27310882350137117,0.13205731278828148,0.2513234192896064,0.11566316426045677,0.2777635706354881,0.14258077890628698
30,10,750.0,0.23032846797363496,0.045863515894122485,0.2665181345765559,0.0535600338877778,0.22974268412356136,0.05126868649628363,0.2660232144950975,0.05955552414638848
30,10,1500.0,0.2296710556815843,0.02253272098159474,0.26713046357518816,0.026080283496407456,0.23000751734742153,0.02516626063784997,0.2675379683565851,0.029152441965761205
30,10,2250.0,0.23016764216904545,0.015167645464790205,0.2677496013345343,0.017470007016525554,0.23007307448508446,0.016607124248124428,0.26771365641560574,0.01932997669653687
30,10,3000.0,0.2300039339122151,0.011119343826852139,0.26768531314372224,0.01289822808669949,0.23010631611943472,0.012479244024223313,0.2678443766546036,0.014466634752927757
30,50,0.3,299.17510398790733,152.30615656040354,307.94519502220254,164.81083267221663,336.9544655098213,175.67255244341544,345.15423944646136,189.22645225905367
30,50,0.6,109.99643070146008,56.2241689912053,112.91052906435642,60.898092481312275,125.66310630739622,64.35721737933214,129.11635866714659,69.83367981045514
30,50,1.5,29.780504877361167,15.032361150230981,30.62032827524591,16.31110949170929,33.92925692233176,17.884329457957396,34.8448559782813,19.319731275290994
30,50,3.0,11.288201110055466,5.651307932430384,11.565562683808052,6.139767918821826,12.868448365692066,6.764284734903699,13.216617972717167,7.304514399842785
30,50,9.0,2.5489679151675126,1.2820153343400313,2.6220139578174053,1.401215749805316,2.8988799110632235,1.4904938066525784,2.9738465169471313,1.6240866722402683
30,50,15.0,1.3157149049459345,0.6546018731317744,1.349294898193115,0.7088647962620788,1.4934899857032033,0.767627059721663,1.5335755962072701,0.8303007247119844
30,50,30.0,0.5548343768898665,0.27787459357917577,0.5725944685466482,0.30050633904586943,0.6328591971429234,0.32609764979959965,0.652568692876311,0.3542228288841848
30,50,90.0,0.18264653913267234,0.08596884141599509,0.1968048251394912,0.09220602920940515,0.19295130694826426,0.09522459206923793,0.2068409725169483,0.10203913715429878
30,50,150.0,0.16041046092344421,0.054766235515332634,0.1761242769572014,0.05789648274227902,0.16338054763475546,0.06095104556745639,0.1787740079641512,0.06438855958119297
30,50,210.0,0.15886897309684372,0.03988603252014135,0.1749016195491159,0.0418588869839198,0.1601184021382659,0.0446158705183155,0.17617219869409356,0.046848337597999314
30,50,300.0,0.1585021436992194,0.027516388329223682,0.1745937587505214,0.02868250859708271,0.15875078283329302,0.031288893211505256,0.17495421097155062,0.03276969869351762
30,50,750.0,0.1595622180111869,0.010472056310054401,0.17586206660903553,0.010904298653166389,0.15980694506607765,0.011902648056495916,0.1760590103458919,0.012394779782920461
30,50,1500.0,0.16036941619437953,0.005211426574804621,0.17666603879752704,0.005436635493438747,0.16023301197292686,0.005854599863967325,0.1765260212962722,0.006122072304876284
30,50,2250.0,0.16058803791277745,0.0034614389166695153,0.1768845151889334,0.0036057831050371617,0.1605899489507724,0.0038913590343448764,0.17691512366957632,0.00404793471753119
30,50,3000.0,0.16066554287739016,0.002577062806828033,0.17697152525700616,0.002698668041065301,0.16073392898006156,0.0028939842903586495,0.17704349077502812,0.003015680970140585
30,50,6000.0,0.16091149356692014,0.0012775605112910792,0.17721748747259658,0.001333917933756859,0.1608762885016908,0.0014524270163302033,0.17718285886431095,0.0015125453044650245
30,100,0.3,152.56046557782875,77.25265416897521,155.29633698334578,80.70531058852276,170.5478888417271,87.23346312186003,173.63157077408758,91.04552837238685
30,100,0.6,55.992581784178526,28.482073929035526,56.85791420055007,29.641551204014988,63.29265894173337,32.56504836659155,64.28354211586236,34.02180905559046
30,100,1.5,15.19532220498749,7.672754344024022,15.432846167419042,7.998240998538051,17.10524207454009,8.769027698826708,17.385167097912483,9.126748013981551
30,100,3.0,5.750559930743211,2.8692237799675238,5.853762142476487,3.0028819225301633,6.475381757153038,3.2802384419184802,6.581768660835312,3.4262246816508024
30,100,9.0,1.300295565013562,0.6574604324469295,1.324228955037556,0.686177934748634,1.4716032055285413,0.7515684340637682,1.4972124831942566,0.7839575036630554
30,100,15.0,0.6677182269556357,0.3342335464263524,0.6812316354636146,0.35013270024530024,0.7579557349896642,0.38830229382077175,0.7728001130542509,0.40591694422127617
30,100,30.0,0.28573280981473925,0.14126381044692812,0.295030320548762,0.14893325654519407,0.3217923577313662,0.1627778384238255,0.3312168865790784,0.17165048153078533
30,100,90.0,0.10981909329010718,0.04251890636391483,0.1263534675565853,0.04594272275549725,0.11439374587871223,0.04665061948322886,0.13036042789058175,0.05049069687132691
30,100,150.0,0.10044860258709505,0.026176489632023524,0.11878386133170522,0.027588449892060718,0.10155564188894288,0.029248088527137752,0.11972245487148664,0.030968017200780833
30,100,210.0,0.09941930342373123,0.018740133226715375,0.11817076084863795,0.019476160004582126,0.1002480613184725,0.02076323430110218,0.11889592460849753,0.021692738065345826
30,100,300.0,0.09952999646676004,0.012828118754759022,0.11843778441361831,0.01328527850386392,0.09968910203537117,0.014325012785535959,0.11854593010929022,0.014825763350226914
30,100,750.0,0.0999329911640743,0.004849036524862346,0.11892750418434417,0.005011847472899954,0.09988963491730637,0.005564913098410944,0.11889309820817139,0.005748118113615895
30,100,1500.0,0.10011145675147842,0.0024318835138939393,0.1191331797208947,0.0025047163551336587,0.10009128243919772,0.0027519951319925386,0.11910381827750338,0.00283711606585253
30,100,2250.0,0.10024493952543975,0.0016047212675266342,0.11926571328138,0.0016553637522335966,0.10022408511387733,0.0018340985655959953,0.11924338655220941,0.0018891535602962503
30,100,3000.0,0.10029290051760995,0.0011931135674721975,0.11931600894472934,0.0012284553289778177,0.10028223646477036,0.0013308686790066708,0.11930248754308286,0.0013716350574414142
30,100,6000.0,0.10037674991943507,0.0005922397319019571,0.11940095607561407,0.0006102898644521206,0.10036609416521992,0.0006827132998538476,0.11938924779120548,0.0007026579727680959
30,200,0.3,74.99643043993878,37.07660777018348,76.12815374644788,39.34864580882681,83.31080132580144,41.28392706708731,84.52479775992059,43.818093950113415
30,200,0.6,27.299909902976278,13.423411544906,27.670572567398,14.240023828696893,30.58127581887123,15.340231215735484,30.996516803008877,16.24107837600737
30,200,1.5,7.4069872299637325,3.635525693519856,7.508865169628615,3.8524643458437815,8.21612169670756,4.0583311482045055,8.34189390570255,4.2976868101886305
30,200,3.0,2.8417873848775295,1.4205357468918975,2.8828627396037425,1.5034263815487834,3.1395884192160284,1.5731276125305498,3.1916054802399345,1.6645745208424259
30,200,9.0,0.642017002780924,0.31612574928892495,0.6513058310595705,0.334125259007172,0.7164422068701499,0.35626401296173005,0.7268103352981078,0.37702555632412105
30,200,15.0,0.3323593127635242,0.15940321953663986,0.33668837393051126,0.16912682837384482,0.36893796015298774,0.18021716912234773,0.37366807403716096,0.19082038665086404
30,200,30.0,0.14667015038463188,0.06479006755341987,0.14734486339272881,0.06944744527139099,0.1607109896722995,0.07195577052659745,0.16155101410108785,0.07668287722427067
30,200,90.0,0.06119076114776609,0.010468662081421203,0.05847597284083617,0.011934653963042453,0.06288584837687235,0.011810000652613,0.06032477702352935,0.013389398950223012
30,200,150.0,0.055164412370958794,0.0047694507631647134,0.052104907880687494,0.005676538989803116,0.05577770606750206,0.005408190476627433,0.05273644019239838,0.006406781587780335
30,200,210.0,0.05368621653154971,0.003015480831212521,0.05047826818971639,0.0036871914094881867,0.05395901021165554,0.0034475551000966035,0.05078800444928773,0.004187293193835267
30,200,300.0,0.05297323348891284,0.0020224188351300773,0.049712949129032145,0.0025033588601709963,0.05312428074464983,0.0022086343898529573,0.04986342404567707,0.0027259594643820953
30,200,750.0,0.05251807815407624,0.0007387343959097087,0.04922009750732119,0.0009249014799195242,0.05253038019023767,0.0008129671584597033,0.04923424856238078,0.0010253964410765354
30,200,1500.0,0.052470112309157435,0.000360165881286557,0.0491664393480239,0.00045418146061597484,0.05248122501261362,0.00040885754636855694,0.04917912822993891,0.0005125634158031055
30,200,2250.0,0.05247056412715571,0.00024199534036025726,0.049169009609583356,0.0003031668887793676,0.05246560434854841,0.0002660749111483524,0.04916370071361214,0.00033464501538161575
30,200,3000.0,0.052464679721237084,0.00018034980807027313,0.049162849675819596,0.0002273491249424913,0.05246434907859175,0.00019774999059063206,0.04916128482554392,0.0002500304941987199
30,200,6000.0,0.052466417724882204,8.982627549426549e-05,0.04916536782642926,0.00011309994002868366,0.052467838108664046,0.0001012057119345528,0.04916642254248653,0.00012758749704834044
40,10,0.4,1673.5928309214928,894.3187200952526,1535.2788181976978,956.4690360787193,1915.7609754697069,1110.1981421773683,1751.381700414458,1160.0354924906603
40,10,2.0,164.8501843159067,87.05546886456463,151.8956478779102,94.05307166868592,189.35849989455755,110.09452997027252,173.6133903011383,115.85953087705617
40,10,4.0,62.33085314792192,32.9376095219173,56.99238212171505,35.35204924324762,72.42670563593795,41.75284872907649,66.07239854581888,43.25467427313467
40,10,12.0,14.262851971231198,7.538578950622944,13.158264074193022,8.084658877252293,16.331918868556464,9.376269077473156,15.006755125365927,9.90719926077598
40,10,20.0,7.269569476122121,3.8415809118087556,6.640002874000682,4.0969847301514895,8.333465968915613,4.829915182055822,7.613003122716688,5.063324290399996
40,10,40.0,3.022444917711217,1.5946745335255272,2.745504543442318,1.6973157197639146,3.4810250279407606,2.039311582515098,3.215292091240866,2.129840562017159
40,10,120.0,0.6932660614632267,0.36860416271468754,0.6353214878159147,0.395984250366154,0.7888485370914493,0.4541489995762326,0.7259232914894284,0.4810920812248834
40,10,200.0,0.4056501807156483,0.2157138652097403,0.3722010092296129,0.22872079826322103,0.44965113403905,0.24990993577722953,0.4114061798569689,0.2622683672788034
40,10,280.0,0.3084887692468832,0.15886068184075458,0.2829419367510566,0.17040207660395315,0.34090266345651576,0.18775478461146258,0.31187189416441186,0.19717710758560306
40,10,400.0,0.25265051456419085,0.12224204191668497,0.23148348069277744,0.13049782738610027,0.27029052612958965,0.13667311028963297,0.24740891254431122,0.14612828827943516
40,10,1000.0,0.21517137932639052,0.05815085361236903,0.20186268602343657,0.06049705953706935,0.21712575044401475,0.06595866995142093,0.20336683284250015,0.06978855460411106
40,10,2000.0,0.21398449213286552,0.02957061582626577,0.20210592392522442,0.03059510591237393,0.21473301785548543,0.033784673443710576,0.20256404837140016,0.035070301241861494
40,10,3000.0,0.2141030219977044,0.019372176845964432,0.20223426607777278,0.01993785233758827,0.21467090619289425,0.022325850486056713,0.20275599136726488,0.023182050719182362
40,10,4000.0,0.21449690433243818,0.014553074976392499,0.2027352716214362,0.01496171658634914,0.2142596640140273,0.016876042338953533,0.2025182850922468,0.01736328890873526
40,50,0.4,328.96653748898666,165.9842630279271,330.2596394738157,174.15130855390507,358.2130603127756,181.12175453600832,359.6483618527686,191.6335001852867
40,50,0.8,119.53043631219072,59.97908242478551,119.99986165221958,63.032939989913835,131.84129990108198,67.6534703645809,132.50075622623618,70.93392575570121
40,50,2.0,32.15032965873916,15.927321683335988,32.20725390049916,16.75784990193167,35.862492548467756,18.43796030438687,35.964146353828895,19.30708138891845
40,50,4.0,12.270061910942824,6.030179409598317,12.269560566616606,6.364720757818673,13.74833248702718,7.002274857056626,13.74457644554517,7.379922954937763
40,50,12.0,2.801778140580302,1.395700253716712,2.8116343119476137,1.4722583550697153,3.0948048618992514,1.5710092205725028,3.113684742668061,1.655701316444075
40,50,20.0,1.4209259648475117,0.6978001623718899,1.4228359970374622,0.7394221758966493,1.5906225812180725,0.8162157087446521,1.5958011328184976,0.8604326224358424
40,50,40.0,0.594405946141865,0.29858160755595015,0.5989751195317596,0.3142702677663132,0.6546787528947096,0.33210736698611376,0.6570583917296346,0.3485220399764824
40,50,120.0,0.13907921498285974,0.06374859615264611,0.14629376153797408,0.06724003676729759,0.1530946082527355,0.07356429081056078,0.15941370593328183,0.07725093853512945
40,50,200.0,0.08333891260773496,0.032742491808316336,0.09420850772180694,0.03464568196905472,0.08963435675331555,0.03698319747446202,0.09981945478715025,0.039096090699789865
40,50,280.0,0.0646051036432377,0.021529869842969472,0.07744424189312013,0.023066614447079862,0.06943345239783844,0.02486916125217892,0.08177701481589149,0.02629009431548869
40,50,400.0,0.053825997999542484,0.013623964779583563,0.0685704320714577,0.015285992766666605,0.05620165695327988,0.015600303743069976,0.07064214104496551,0.017142228868282317
40,50,1000.0,0.04382552222594786,0.004691142249595188,0.06115918553667168,0.005741251281875197,0.0443376128806847,0.005264937766278138,0.06156952120242085,0.00636686189045451
40,50,2000.0,0.04237930058538886,0.0022974295913733072,0.06022360327523387,0.00285093702777929,0.04250401776509461,0.002553399182335297,0.060311783196342686,0.003129534492435486
40,50,3000.0,0.04209380163887916,0.0015152632465678954,0.06001570040455015,0.0018872187993021982,0.04216247584548857,0.0016731025427954163,0.06007215270932958,0.002103800328361064
40,50,4000.0,0.04203730227129706,0.001130596799102191,0.059988853998377986,0.0014116540672983729,0.04204427523188762,0.001236464621896969,0.059975330771583915,0.0015456700588450437
40,50,8000.0,0.041949920139900426,0.0005573954859660813,0.05992895265216871,0.0006956344528683974,0.04195058494875745,0.0006256964831152437,0.0599345506206432,0.0007829047401871912
40,100,0.4,172.62898013057418,84.14580564271361,173.4016826669941,87.38229434647842,195.02451007450375,97.33863291947131,195.96317445095823,100.94177812240673
40,100,0.8,64.06918874059119,31.810903982958735,64.23840082388209,32.862849474667094,71.95822974974206,36.54321784722094,72.17447763824507,37.83650258360162
40,100,2.0,17.35014158762853,8.6154839074741,17.433763903122742,8.91944993998439,19.19850792462692,9.644895247099798,19.277688088057044,9.99288878925227
40,100,4.0,6.640999440701473,3.279483201743817,6.6753360483878845,3.4024781743927677,7.454917766615345,3.80206856804426,7.4911520855310885,3.949345228007376
40,100,12.0,1.5007745406135304,0.7468022922859744,1.507374650625463,0.7741921448643423,1.6567241265351407,0.8247743143416555,1.663835854601564,0.8538419622109801
40,100,20.0,0.7690090224575721,0.37772980812991636,0.7730358036190277,0.38955790083288516,0.861732711109121,0.4342909019135005,0.8677275897170944,0.4482065498924656
40,100,40.0,0.3243164357224199,0.15733034489175435,0.32928359654372363,0.1619704809889391,0.35806368428116636,0.17487203354267056,0.3623260475352863,0.1798291139696554
40,100,120.0,0.08988087990600317,0.03186352042103841,0.10138622058190229,0.029928826938690038,0.0963492982053686,0.0362090991136443,0.1077507204489148,0.034653533729616354
40,100,200.0,0.06659381746702724,0.015458183683644933,0.08045620500185344,0.012839175368658123,0.0692077067347326,0.017789763501368096,0.08281111986174845,0.015117133618977341
40,100,280.0,0.05999603949094493,0.009900320918608858,0.07478574008052186,0.007375375420138853,0.06176848880451294,0.011480746484551317,0.07630707244461442,0.008932805442109932
40,100,400.0,0.05672959525061759,0.00642431957160538,0.07192668669551015,0.004288149966903016,0.05765075210610921,0.007543283426657125,0.07271249973130742,0.0052054406508217615
40,100,1000.0,0.05425823463679767,0.0024320567478809123,0.0697600354646446,0.0013482768654607283,0.05435628638815666,0.0026994175513352075,0.06984369373189622,0.0015296560128073983
40,100,2000.0,0.05392991394000857,0.0011873721906665263,0.06945839716595911,0.0006466946144976574,0.0539948547177872,0.0013468096636127757,0.06951142246069966,0.0007302673864571891
40,100,3000.0,0.053902663332209486,0.0007992131057771153,0.06943387193467612,0.00042427899423834713,0.053902073896007735,0.0008797654165735223,0.06943022314787926,0.00047094904992603853
40,100,4000.0,0.05388497028279877,0.0005920953721057338,0.069409372602566,0.00031483179735552493,0.05388103387807289,0.0006637359858639545,0.0694139039847451,0.0003525152378914034
40,100,8000.0,0.05387413047154187,0.0002949968574525576,0.0693953424083863,0.0001556846667653834,0.05386838705507212,0.0003292313102203636,0.0693954738426228,0.00017628392952255109
40,200,0.4,91.27952019372455,45.52557441629486,90.39895640501622,44.548927543413754,101.34657612125622,50.510995995887605,100.33274207416032,49.4151097070038
40,200,0.8,33.26731897158885,16.561970967197414,32.88092191332372,16.176649618838564,37.06478916151037,18.540875363113845,36.73111487961846,18.156474147438733
40,200,2.0,9.071489073635513,4.553297425675135,8.98794906008752,4.4461688199391896,10.109394154247955,5.140519728053774,10.018986642171717,5.035907950560748
40,200,4.0,3.425299711865075,1.7129906018765007,3.3905062719017813,1.6719293782294915,3.8617177979692445,1.9194459490590428,3.8212229121805388,1.8723518836156678
40,200,12.0,0.7731143328110139,0.3801774473959218,0.7661525559006599,0.37148819983978676,0.8775329863571895,0.4349134153782899,0.8684172686124771,0.4254875593410252
40,200,20.0,0.4033215066293201,0.19942831565158908,0.4004100235733007,0.1946648663148292,0.4484068631280982,0.2218768509765902,0.44498583145414083,0.21740261387818585
40,200,40.0,0.1717148592497318,0.0789161444360502,0.1725894714399728,0.0770297236552358,0.1920308982667312,0.09123592168397365,0.19258392186423215,0.08934702166637555
40,200,120.0,0.06326092080529808,0.014029133813618517,0.06880349502892918,0.01362349211473116,0.06619978497009492,0.016329949608015364,0.07149525864870214,0.015876020442586854
40,200,200.0,0.05447974705845029,0.006511525969370473,0.06095392489077835,0.0064765933076338985,0.055492656469798306,0.0074263955704225145,0.061866928662154645,0.007426949074287695
40,200,280.0,0.05232326502305933,0.004085390491204939,0.0591372993811854,0.004192882858820885,0.0528637848428252,0.004748494532472726,0.05958342800433151,0.004831085615646791
40,200,400.0,0.051232237685707546,0.0026856633668143784,0.05817350391455905,0.0027904260248213055,0.051444021723581854,0.0029567936384771462,0.05835082495732298,0.003076061174618627
40,200,1000.0,0.05051111253627491,0.000995046501461218,0.05757943323157986,0.0010391664235140253,0.05052519309639528,0.0011033906820156248,0.05759333582520327,0.001151123513087186
40,200,2000.0,0.05042792918094623,0.00048740285686394536,0.05751493027563538,0.0005060053607013084,0.050440542114484586,0.0005366029148793254,0.05752228001652718,0.0005594441906213086
40,200,3000.0,0.05041984437605849,0.000319310952340325,0.05750721228708692,0.0003367351103902993,0.05042550567213038,0.0003568725047884766,0.057512683888009494,0.0003757142610018281
40,200,4000.0,0.050416096147116604,0.00023732522172690816,0.05750766272244232,0.00024832403096120237,0.05041852778185114,0.00026831442284561537,0.057508281626603104,0.00028136512303866254
40,200,8000.0,0.050417622226946825,0.00011869599768581599,0.05750761770835935,0.00012475769877290678,0.05041778185076807,0.0001334348979924762,0.05750830506819363,0.00013972616810552503
