d,n,fc,lamb,unreg_pp_test_mean,unreg_nonpp_test_mean,reg_pp_test_mean,reg_nonpp_test_mean,unreg_jorg_max_test_mean,unreg_jorg_avg_test_mean,type1_nonpriv_loss,reg_jorg_max_test_mean,reg_jorg_avg_test_mean,type2_nonpriv_loss,unreg_pp_test_std,unreg_nonpp_test_std,unreg_jorg_max_test_std,unreg_jorg_avg_test_std,reg_pp_test_std,reg_nonpp_test_std,reg_jorg_max_test_std,reg_jorg_avg_test_std,unreg_pp_baseline_test_mean,unreg_jorg_baseline_test_mean,jorg_baseline_test_mean,unreg_pp_baseline_test_std,unreg_jorg_baseline_test_std,jorg_baseline_test_std
30,100,0.1,0.01,288522093.7292112,144475781871.9297,301716764.80699563,149364300457.2504,324808679.46547353,440189252.4110495,1.12529227848285e-31,335065569.7514246,456320367.77463233,0.00038322288498543597,320174170.6150714,164776622994.21793,365415183.80231917,493348950.22458464,336213297.4815271,167185978334.7003,376128801.96375024,514342555.94826496,1.12529227848285e-31,1.12529227848285e-31,145027881893.25156,0.0,0.0,162369568904.87207
30,100,0.1,0.1,313033.44567555655,158095076.74506664,404053.14689140883,207357984.00991303,344768.27437819156,469062.54041229974,1.12529227848285e-31,452647.6192356745,617395.3907802075,0.002315113055192026,350168.1179680595,173272007.95790818,392303.36557568616,521717.22566437884,354268.5633350863,188489379.57872382,405593.06891132874,553895.6333073386,1.12529227848285e-31,1.12529227848285e-31,159427847.16771442,0.0,0.0,181979147.00274333
30,100,0.1,0.5,2891.9488925998376,1463526.8517815385,7221.100707094951,3629878.17241757,3152.8030466908676,4285.738755810494,1.12529227848285e-31,8011.70096116266,11043.10523044234,0.003791204437487153,3319.4836070887086,1683570.3101212373,3575.1309442313554,4826.056854095806,4084.317826829225,2053740.6946071365,4479.912878033731,6294.7779882828745,1.12529227848285e-31,1.12529227848285e-31,1408832.258127553,0.0,0.0,1576894.1612654845
30,100,0.1,1.0,392.6709731222989,192918.20029058828,1590.4720526934418,800103.813534836,441.812904600914,597.8824806967197,1.12529227848285e-31,1775.04239171312,2428.4584611735763,0.004256209043201572,429.41327351932745,220286.38139609527,503.5457262537966,676.0624676437243,717.1037080716409,359544.98473451764,825.1843742984163,1134.7074984705662,1.12529227848285e-31,1.12529227848285e-31,199428.98032212938,0.0,0.0,227922.28255183526
30,100,0.1,3.0,18.001254788501566,9013.922282967129,182.944207069678,92238.69691704011,20.008280316391154,27.373525781226427,1.12529227848285e-31,202.87754452197763,280.06891855498833,0.0050689631014226855,20.52024643973893,10201.968378360454,22.470072279293944,31.515290677540047,70.38730549140868,35273.829578295576,78.83082757665515,112.16811129365986,1.12529227848285e-31,1.12529227848285e-31,8934.393070366299,0.0,0.0,10039.871481047281
30,100,0.1,5.0,4.5105952934352365,2247.0294394949337,72.63097371040371,36375.940835701855,4.957474107296963,6.818705618084813,1.12529227848285e-31,80.1201749032974,110.3935134813522,0.005528257167904367,5.197802504718533,2614.4100514356132,5.6917868963763825,7.771534355747159,27.077174600659575,13792.25564123345,31.331131005016253,42.09611989938171,1.12529227848285e-31,1.12529227848285e-31,2228.9141981498037,0.0,0.0,2607.3571445056896
30,100,0.1,7.0,1.810541853733431,911.745326909229,40.49992283068733,20095.749439757215,2.0435594345452697,2.7197523383677353,1.12529227848285e-31,44.809290972152986,60.98598486853781,0.005847740214200833,2.014006008097955,1053.290615026696,2.314177016163564,3.0624027739692723,15.0208024801042,7466.2874624103615,17.248833657070218,23.09731044915429,1.12529227848285e-31,1.12529227848285e-31,905.8608516389612,0.0,0.0,1033.4058392663947
30,100,0.1,10.0,0.7002067915117041,344.17739450218835,22.068216119795455,11027.879686520646,0.7801391995816617,1.0803127348108557,1.12529227848285e-31,24.492472635281842,33.36474502284553,0.006183258062995983,0.7574147619128117,388.02320845431143,0.8909545361021056,1.2413240247993058,8.111536683392512,4087.1197020976842,9.373926111155788,12.517591058667076,1.12529227848285e-31,1.12529227848285e-31,349.9424551547039,0.0,0.0,409.5329955627245
30,100,0.1,15.0,0.242450510052167,122.03188355274513,11.35053388440278,5673.543292513087,0.273791195638915,0.3685323989413083,1.12529227848285e-31,12.584709170917343,17.264133552082328,0.006538363225132499,0.27195989205717547,137.9841200874412,0.3105796558731442,0.41366979739059945,4.232281504167485,2100.7646421106783,4.7674016491482885,6.504012247224913,1.12529227848285e-31,1.12529227848285e-31,120.22030851368227,0.0,0.0,135.2303372994035
30,100,0.1,20.0,0.12377309257679121,57.429899649743064,7.192874636186761,3600.3453755447968,0.13426875333986746,0.1857472433482951,1.12529227848285e-31,8.01250707607779,10.991586044927018,0.006762202098119969,0.13973047457486806,64.1610220342696,0.14989603923983355,0.21553920742464694,2.680154597527651,1313.410783848277,3.019678791940819,4.112820633242058,1.12529227848285e-31,1.12529227848285e-31,58.84658966100663,0.0,0.0,67.68460803690672
30,100,0.1,25.0,0.07074569723965159,33.65276912688054,5.111729729904955,2538.888998172311,0.07866244099248458,0.10593881520309632,1.12529227848285e-31,5.646829821209113,7.741266661953933,0.00691635777335407,0.07678595002577238,38.54052384467881,0.08575555472243727,0.11635550644400866,1.870842972550426,927.3311111529842,2.123972184289093,2.8775523090424255,1.12529227848285e-31,1.12529227848285e-31,33.09405167301768,0.0,0.0,37.06298183867555
30,100,0.1,50.0,0.016743957967157715,4.746107753375888,1.4854356785086216,736.4536251000671,0.017940018968718205,0.02141532785048106,1.12529227848285e-31,1.6465846270589115,2.2575148257387796,0.007282674739873044,0.014846951290751803,5.2723705792865765,0.01633633209084652,0.020592875957827994,0.5458552430088812,268.49821320058464,0.6181354664293155,0.8445881300115687,1.12529227848285e-31,1.12529227848285e-31,4.847767390621854,0.0,0.0,5.660361336255041
30,100,0.1,75.0,0.010486555239365019,1.627545374253508,0.7569129675914686,375.9592977675682,0.010875362689058853,0.0123723318351991,1.12529227848285e-31,0.8434643549584827,1.1496577464100666,0.007426179439405448,0.006949026838625221,1.8642402797654112,0.0075059682599171096,0.009472109712468074,0.27670112205453073,138.813632602988,0.3122709641240994,0.42994872771111514,1.12529227848285e-31,1.12529227848285e-31,1.6390755165036852,0.0,0.0,1.8393528671440482
30,100,0.1,100.0,0.009022202769259515,0.7872811108220501,0.4914097647645839,242.74943506709104,0.00913711788689746,0.009766900258555278,1.12529227848285e-31,0.5485170447665484,0.7465374468590547,0.00750276702770002,0.0046294322474427115,0.8822022652876564,0.0047636738653566236,0.005870097274695218,0.17849440831618532,87.38984874905202,0.20553506991288567,0.2740236583162229,1.12529227848285e-31,1.12529227848285e-31,0.7687685910290137,0.0,0.0,0.8569367626985868
30,100,0.1,125.0,0.00839793975727381,0.4758215614867875,0.3610451164817564,176.6888617317367,0.00842035629718589,0.0088529508264353,1.12529227848285e-31,0.395889581306822,0.5441321165353412,0.007550395556066245,0.0034622329385146375,0.5402514174263273,0.0035765895162590453,0.004267521037153353,0.12951218480427754,64.30808837311436,0.14523536858227146,0.2008963779167281,1.12529227848285e-31,1.12529227848285e-31,0.47519107106723424,0.0,0.0,0.5503047079427951
30,100,0.1,150.0,0.008079769269449326,0.3092609645414146,0.2824583860755849,137.64067172162677,0.008126353620830532,0.008457240902473866,1.12529227848285e-31,0.31324888993024375,0.4278683820611022,0.007582878802020923,0.0027091269480080506,0.35589798286685453,0.002826271084990921,0.003378006307426256,0.0998991478956659,50.65653800933723,0.11777982326357218,0.1563229789867995,1.12529227848285e-31,1.12529227848285e-31,0.3085357671536186,0.0,0.0,0.34281783261526955
30,100,0.1,175.0,0.007927666570979614,0.22341171785485459,0.23020038611621654,112.90394256237556,0.007998486788858047,0.00817049512151636,1.12529227848285e-31,0.25805127517048604,0.35023552553360626,0.007606449915147914,0.002214758910541204,0.25401151491035445,0.002386611944941085,0.0027821657892273645,0.08160696522916824,41.194845130545865,0.09568294585899217,0.1271784503838167,1.12529227848285e-31,1.12529227848285e-31,0.21716686051128237,0.0,0.0,0.2433024132127403
30,100,0.1,200.0,0.007905557935107194,0.16418200803758703,0.196188640063901,94.60183101377618,0.007897487675439354,0.00801329185143768,1.12529227848285e-31,0.21776256698967464,0.29752474548637864,0.007624334217557407,0.0019548058191908736,0.1829576080691717,0.002035781153868502,0.0023525201084791552,0.0696101864849216,34.95399464022868,0.07969818221757041,0.10871454419687522,1.12529227848285e-31,1.12529227848285e-31,0.16222769030071799,0.0,0.0,0.17803148366348323
30,100,0.1,300.0,0.007747422504734462,0.07040062627360602,0.12239054873479947,57.65302365692367,0.007770540472286694,0.007817629949540548,1.12529227848285e-31,0.1360514226536031,0.18421258812722816,0.007666767208412681,0.0012298753821417484,0.07764977044048867,0.001299415777084243,0.0015106923225191042,0.04158205869636483,21.10466623891663,0.04891051353637509,0.06668511282371314,1.12529227848285e-31,1.12529227848285e-31,0.07145738003982034,0.0,0.0,0.07860938992491019
30,100,0.1,400.0,0.007708993538070968,0.04174694645652968,0.08992554688863799,41.411904550161296,0.007712947130792429,0.007752007523923196,1.12529227848285e-31,0.09925118052178522,0.13349750113893208,0.007688361301922913,0.000890747490523316,0.04388458387282907,0.0009455209105390953,0.001104983021341524,0.030177985605220604,14.995181004254032,0.03463019199324136,0.046961101297805403,1.12529227848285e-31,1.12529227848285e-31,0.04128512904850911,0.0,0.0,0.04317194913377115
30,100,0.1,500.0,0.007707553018718832,0.028506824498967496,0.07225884790546619,32.1546541984592,0.007712669587451973,0.007747589374983661,1.12529227848285e-31,0.07959239027220467,0.1056865291560648,0.007701441211104613,0.0007060193877502463,0.028653927496979648,0.0007437521848603586,0.0008818223079864157,0.02346194384801893,11.824905353029102,0.02730238188367551,0.03696412587667909,1.12529227848285e-31,1.12529227848285e-31,0.028595106708576973,0.0,0.0,0.028548035760759607
30,100,0.1,1000.0,0.0077283935287042515,0.012762263934099934,0.03777754860824374,15.287047661573064,0.007718363227614194,0.007722444485561094,1.12529227848285e-31,0.04124503602071929,0.05391988970322149,0.007727883520541892,0.0003470844696774438,0.00981104620785322,0.00036429719182461167,0.000425965982308418,0.010796996806626906,5.632529726844928,0.012569723237998648,0.017353672311651098,1.12529227848285e-31,1.12529227848285e-31,0.012749230557832504,0.0,0.0,0.009646064092497176
30,100,0.2,0.01,389246985.71103585,68291125997.7815,400930926.9491938,71098121853.64223,446570959.34541017,745586795.9749137,1.12529227848285e-31,450624534.897497,759031378.507026,0.00038322288498543597,456373546.0317351,74003884129.56688,500749804.42131215,850188884.1475253,445484750.3226386,77173382921.16644,500751076.4031526,847775466.3757375,1.12529227848285e-31,1.12529227848285e-31,68803464928.56502,0.0,0.0,77597125553.67284
30,100,0.2,0.1,418541.03274692566,74371844.24513252,547750.2656062174,97025190.60555272,471266.1447031459,789739.014027196,1.12529227848285e-31,643168.8731485036,1021143.5901348427,0.002315113055192026,474391.1074217371,83996258.10658138,537752.000589426,888429.328546652,498325.29567344935,86797965.79715037,610381.1982244089,910226.7912649858,1.12529227848285e-31,1.12529227848285e-31,74380595.15580888,0.0,0.0,86725494.27000287
30,100,0.2,0.5,3759.1445177791907,678492.124887225,9576.955565875689,1716639.7812307498,4385.689221169467,7179.732004286934,1.12529227848285e-31,11104.468524360687,18166.23591256304,0.003791204437487153,4287.393085886099,772678.7076544549,5084.964167830816,8421.032996529035,5423.149640134098,959742.9253850996,6425.2337069660825,10621.976885932756,1.12529227848285e-31,1.12529227848285e-31,686302.1710253862,0.0,0.0,816136.1259764365
30,100,0.2,1.0,528.1469906095548,92646.43773982117,2113.6071743496113,375642.7034871115,600.0527627552225,973.980568726973,1.12529227848285e-31,2440.24604159034,4006.690975378038,0.004256209043201572,591.1458539096598,105052.83779524003,696.3885837142212,1128.3608925096823,962.4983961540994,168533.07555911085,1114.468181277832,1880.5404816487094,1.12529227848285e-31,1.12529227848285e-31,92763.81831232138,0.0,0.0,108554.48394268226
30,100,0.2,3.0,24.12855389451639,4258.279241976552,243.73311676493316,43588.901531687385,26.876883814318163,45.4084112877623,1.12529227848285e-31,280.9507741836102,459.53123206584166,0.0050689631014226855,27.944554735047547,4857.05145542541,30.230442798498284,51.23176083234272,92.44398886728047,16697.558202156717,113.7054510667011,183.0333401850195,1.12529227848285e-31,1.12529227848285e-31,4298.774587638069,0.0,0.0,4823.124904884393
30,100,0.2,5.0,5.891887146363007,1043.9630037582745,96.98919618829918,17240.109584741105,6.822582986218223,11.2771963196557,1.12529227848285e-31,110.69848910965477,181.39427644249915,0.005528257167904367,6.709154855354526,1150.0416054277032,7.902242196909158,12.9722989616459,35.78528869837797,6428.319264347531,43.77124061187367,69.64724625176281,1.12529227848285e-31,1.12529227848285e-31,1061.2837366513054,0.0,0.0,1224.2693525296656
30,100,0.2,7.0,2.3655273305571285,427.2312663202597,53.78594735404636,9586.974801257906,2.7709591206173587,4.52658999808087,1.12529227848285e-31,61.71025489171962,100.98962298364177,0.005847740214200833,2.6688969218513585,479.0661480532462,3.1275401272201493,5.189084929490404,20.088061859847727,3589.0866110896795,23.937804637913157,38.88491097850396,1.12529227848285e-31,1.12529227848285e-31,429.0805849842093,0.0,0.0,479.7132653391042
30,100,0.2,10.0,0.9374447337719263,166.4688759078831,29.45681176078787,5230.504974249578,1.077732912455302,1.7582124153399945,1.12529227848285e-31,33.54372189013493,55.42012081292427,0.006183258062995983,1.0478529782167194,192.99216192050818,1.228902736047047,2.0233620562516896,10.902632517386118,1936.7228642711345,12.914326578330517,21.159701291447256,1.12529227848285e-31,1.12529227848285e-31,164.5678561555888,0.0,0.0,184.80008124256338
30,100,0.2,15.0,0.32537856250015607,57.98678726409633,15.109396326499956,2668.9670209584074,0.3779975320159794,0.6217328929248465,1.12529227848285e-31,17.406110002011097,28.42905624762488,0.006538363225132499,0.3607893296923692,66.0462451834206,0.43068727744275703,0.7158868311516228,5.5066480876935895,979.7321568697884,6.6635101972130295,10.846133229145694,1.12529227848285e-31,1.12529227848285e-31,57.44098883242963,0.0,0.0,65.09140202145598
30,100,0.2,20.0,0.15797219339867996,27.53015046472561,9.54304851752997,1713.2566822221925,0.18561841115734143,0.29528106277247496,1.12529227848285e-31,10.953477970235168,18.13518047893207,0.006762202098119969,0.1759328533244957,31.25329824688307,0.21341741869474393,0.32963902396076117,3.5617920833963823,630.2331704952503,4.226742953177696,6.991439568891612,1.12529227848285e-31,1.12529227848285e-31,26.95542003780126,0.0,0.0,31.223094360975963
30,100,0.2,25.0,0.09392665399545673,15.522180138281966,6.774581021459616,1204.923946191505,0.1053804760821801,0.17125594665785612,1.12529227848285e-31,7.785993712610472,12.791918398955042,0.00691635777335407,0.1030182249201165,17.759160679192522,0.11878061564454834,0.19006203926079313,2.5226156621004185,443.2353895971861,2.967048296758247,4.795437881658006,1.12529227848285e-31,1.12529227848285e-31,15.504617805141676,0.0,0.0,17.354720977424684
30,100,0.2,50.0,0.020036358229392048,2.281234373474641,1.9670986617378428,348.0805979714047,0.021478484458199273,0.0310846434105585,1.12529227848285e-31,2.2570606955375805,3.692023816424592,0.007282674739873044,0.018768029343474126,2.629051673112956,0.020765955064293472,0.03153209246749706,0.7227592629176823,128.56878328926683,0.8578936474294004,1.390963579683467,1.12529227848285e-31,1.12529227848285e-31,2.288684501754767,0.0,0.0,2.627260044674151
30,100,0.2,75.0,0.011516004871065313,0.7868359260679861,1.0088571634125427,178.2701841443093,0.012282433672967368,0.015480940401998928,1.12529227848285e-31,1.1546537307993952,1.8894119657302315,0.007426179439405448,0.008515466608998778,0.8882893427979337,0.009336066011526832,0.013156132339522706,0.36689019370971143,65.39555571843134,0.43911682735702334,0.718320168147355,1.12529227848285e-31,1.12529227848285e-31,0.7873135298389334,0.0,0.0,0.9092285368426345
30,100,0.2,100.0,0.009411488273078519,0.3795594006924305,0.6506832459470713,114.73177391893007,0.009785371516732115,0.011347579062840533,1.12529227848285e-31,0.7440070165758013,1.2316864898389224,0.00750276702770002,0.005319955179761522,0.42287939891914794,0.005851271949725911,0.00801950427842336,0.2363504405969559,42.08943777094406,0.2807232050050963,0.46569111632953875,1.12529227848285e-31,1.12529227848285e-31,0.37779469719741937,0.0,0.0,0.43242046321285427
30,100,0.2,125.0,0.008608713644385719,0.22643040437139975,0.4763100004123784,82.96664875633212,0.008859784144858263,0.00973355308241921,1.12529227848285e-31,0.5456429345092926,0.89051938705088,0.007550395556066245,0.0039292780214789,0.2559463644419758,0.004351423871385452,0.005734591749333036,0.17271380520702537,30.61245462890909,0.207533846984654,0.33188034681645434,1.12529227848285e-31,1.12529227848285e-31,0.2226867936736022,0.0,0.0,0.24345369906709358
30,100,0.2,150.0,0.008238382198355492,0.1473883452657703,0.3760025807621959,65.24047373520474,0.008324982408293422,0.008990570680727668,1.12529227848285e-31,0.42655066811625614,0.6969552941764284,0.007582878802020923,0.0031014447359194873,0.16452099481432697,0.0033713711870476944,0.004514534644485136,0.13615944960275178,24.341654718346806,0.16123273014552036,0.2568661893880808,1.12529227848285e-31,1.12529227848285e-31,0.1484290014644918,0.0,0.0,0.1622587910999015
30,100,0.2,175.0,0.008042247150731856,0.1053369968791651,0.3063745580182519,53.017719703697985,0.008142878987636767,0.008570942262278163,1.12529227848285e-31,0.3494485670423569,0.5707992837682047,0.007606449915147914,0.0026101156063840164,0.11247544729225568,0.0028228275062534536,0.0036996956824975075,0.11129036419165694,19.426134075172563,0.13256198194825353,0.2146241682604521,1.12529227848285e-31,1.12529227848285e-31,0.10686139831511479,0.0,0.0,0.11740364693882459
30,100,0.2,200.0,0.007939618236961567,0.0815574902673244,0.2596863057447165,44.846075055952824,0.00798004241945051,0.008311645335468625,1.12529227848285e-31,0.29839970212781247,0.48223291526091505,0.007624334217557407,0.00224992505099244,0.0862967242959264,0.002376766979488659,0.0031327888367216573,0.09288287839355253,16.622328982815255,0.11333971538385439,0.17905690381174408,1.12529227848285e-31,1.12529227848285e-31,0.08009316248485086,0.0,0.0,0.08741028495504156
30,100,0.2,300.0,0.007774428979836802,0.03770230720708601,0.16108989216843028,27.242259193747525,0.007793222146349073,0.007920469297836076,1.12529227848285e-31,0.18319611913681835,0.2959924998160119,0.007666767208412681,0.0014146927111442814,0.03914883317282195,0.0015116345402712795,0.001996067340283986,0.056138501797574666,10.092070660308268,0.06692799256682244,0.1087853306342865,1.12529227848285e-31,1.12529227848285e-31,0.03738499160001055,0.0,0.0,0.03930222094944564
30,100,0.2,400.0,0.0077130438185980124,0.023786513194751394,0.11805231402350704,19.534769860515254,0.00773169355481665,0.007808675101320239,1.12529227848285e-31,0.13475163562844245,0.21500899502617357,0.007688361301922913,0.0010279184687863009,0.02323458950436996,0.0011187107834636128,0.0014462264223013776,0.0408062607422259,7.159074583260906,0.04920557856171308,0.07913353366442204,1.12529227848285e-31,1.12529227848285e-31,0.023477748662806282,0.0,0.0,0.02308893446535608
30,100,0.2,500.0,0.007716468502042049,0.017674853210166097,0.09319073365311496,15.245529945801572,0.00771089113940973,0.007783677548935467,1.12529227848285e-31,0.10626262559027555,0.17079155987739011,0.007701441211104613,0.0008297058679090388,0.015774205485807914,0.0008744680808031751,0.0011376334764340004,0.03152865028941939,5.502300968220386,0.037679008738479895,0.06141600559081205,1.12529227848285e-31,1.12529227848285e-31,0.017777365226315452,0.0,0.0,0.015854514277033317
30,100,0.2,1000.0,0.007723040447567184,0.009999300316227571,0.0481161910992638,7.153149552874522,0.007723434578305441,0.007728255537661187,1.12529227848285e-31,0.05430405235794804,0.08443945696197487,0.007727883520541892,0.0004006437490816767,0.0059060864385131195,0.0004278421977908234,0.0005487001986252249,0.01498272722213138,2.6132389328747903,0.018260177879634566,0.028859393557383498,1.12529227848285e-31,1.12529227848285e-31,0.010036640737702152,0.0,0.0,0.005986418975055141
30,100,0.30000000000000004,0.01,521012789.7717724,837494298451.2201,532827608.6558264,886330783977.8604,621203896.7972039,1123996445.0079386,1.12529227848285e-31,644488068.829944,1150967565.4934573,0.00038322288498543597,592812617.1864238,945193355807.5936,719599335.2909992,1292994367.8469682,576762796.1732343,1015837142732.4775,716742317.2263811,1291010158.9013832,3.543109244564893e-32,1.12529227848285e-31,843000568463.138,0.0,0.0,966740823501.2987
30,100,0.30000000000000004,0.1,556023.424915169,918200143.3965211,739048.017329579,1196752876.394373,670817.4193517221,1207647.7957856979,1.12529227848285e-31,887102.7208876843,1565558.3531790955,0.002315113055192026,637219.4516370974,1056720880.5820343,775535.1569956838,1405111.5398329683,677844.0675833464,1070567128.9363182,804586.5062833176,1418688.9481758247,3.543109244564893e-32,1.12529227848285e-31,908033499.4198676,0.0,0.0,1030692181.7871364
30,100,0.30000000000000004,0.5,5080.946547199685,8286613.593713949,12864.346580427571,20908133.36480841,6162.412134070398,11137.52621336097,1.12529227848285e-31,15532.676744608405,27809.502995110804,0.003791204437487153,5873.182948833863,9574155.681659132,7033.869683461256,12680.314448189923,7162.252892717588,12063369.133943683,9076.208537101984,15750.628947950916,3.543109244564893e-32,1.12529227848285e-31,8554742.64957652,0.0,0.0,9808518.392627314
30,100,0.30000000000000004,1.0,690.9228420303091,1145103.1587657258,2837.88814049415,4662711.7276758235,828.912547974831,1492.341176505735,1.12529227848285e-31,3426.5870473956256,6043.954717678939,0.004256209043201572,777.0471299012797,1297961.8919468634,927.094934792123,1699.843467740483,1299.6922596512027,2135665.6291720723,1648.4985657139212,2809.8727263352,3.543109244564893e-32,1.12529227848285e-31,1119986.0013655087,0.0,0.0,1260466.9513003016
30,100,0.30000000000000004,3.0,32.18053018082976,51847.74147903269,326.20538774314036,530745.797918681,38.48981995086345,68.25599434366673,1.12529227848285e-31,396.14088676948285,704.5476094266115,0.0050689631014226855,36.7354040283313,58228.40228664505,44.20320855253855,76.83543103638469,125.3349263544476,201824.54934620342,161.8634734710001,272.6914059894701,3.543109244564893e-32,1.12529227848285e-31,52503.64293612644,0.0,0.0,60293.50887596581
30,100,0.30000000000000004,5.0,7.764397626479519,13127.428900399364,129.38435593106072,208771.79113646774,9.620866243583489,16.913542442863495,1.12529227848285e-31,156.21737181173998,277.79476013289934,0.005528257167904367,8.838404120985935,15257.687710780832,11.115535414439586,19.175340387225784,48.60855098913046,78034.59593558771,62.98725410142006,107.05429242789606,3.543109244564893e-32,1.12529227848285e-31,13029.868589752687,0.0,0.0,14779.804121856596
30,100,0.30000000000000004,7.0,3.224987830741806,5241.087833283858,71.86069210116004,116461.75725867195,3.918286871767168,6.7778678857528485,1.12529227848285e-31,87.28894503639397,154.43201856127297,0.005847740214200833,3.554530350174398,5962.145875740391,4.579075423731885,7.573403742754721,26.992848762087494,43621.5307066989,34.636569932040146,59.23774723317737,3.543109244564893e-32,1.12529227848285e-31,5239.541628678947,0.0,0.0,5856.940179617882
30,100,0.30000000000000004,10.0,1.2318169325104755,2022.2928299367152,39.4134010051411,63818.222784480975,1.4949048128354083,2.693721291268765,1.12529227848285e-31,47.74058001567524,84.23674482711746,0.006183258062995983,1.357974856941416,2289.7788364745898,1.6785645174601405,3.0599534274899636,14.592027184007542,23856.692000088624,18.802955312573904,32.43215363805803,3.543109244564893e-32,1.12529227848285e-31,1998.1924311786224,0.0,0.0,2236.115077653262
30,100,0.30000000000000004,15.0,0.43421584281008274,712.2855286987891,20.242436329400398,32633.931305967344,0.5320649843669986,0.9488339587079834,1.12529227848285e-31,24.662289611857116,43.498354388909114,0.006538363225132499,0.5017771278763066,847.2696456449175,0.6115910095865439,1.0922402194240346,7.460957725939196,11967.511562423399,9.70522227029148,16.85379144627308,3.543109244564893e-32,1.12529227848285e-31,688.758633807189,0.0,0.0,784.098335909403
30,100,0.30000000000000004,20.0,0.21031413918852832,331.2733261845962,12.836412272076323,20776.595042012897,0.25682819654121175,0.44798641538239764,1.12529227848285e-31,15.517453463771782,27.24237089333894,0.006762202098119969,0.23443188187613637,371.37686490946805,0.29282753934744166,0.5064165907804303,4.76849904719515,7637.66591053906,6.1060488781461535,10.433607177545985,3.543109244564893e-32,1.12529227848285e-31,336.11665040506387,0.0,0.0,380.907107796772
30,100,0.30000000000000004,25.0,0.12430163202483586,191.14469893340356,9.084703412862115,14783.876831312125,0.150862640442456,0.26381287214890115,1.12529227848285e-31,11.04390826056246,19.384757440140856,0.00691635777335407,0.13634441195663038,222.82792605798284,0.1693208482689737,0.3025629516889405,3.360872374122735,5438.8259676814805,4.309387993278756,7.35185975907288,3.543109244564893e-32,1.12529227848285e-31,191.63396311853168,0.0,0.0,215.2433396974921
30,100,0.30000000000000004,50.0,0.0243878498038408,27.828475899448183,2.634802024479999,4263.381053866063,0.028069051507727993,0.043676006295381355,1.12529227848285e-31,3.192359378578872,5.627042015433891,0.007282674739873044,0.023833060300486052,31.763829947721007,0.028294618731477813,0.04540166203716564,0.9603345911267134,1562.2297144828497,1.269948434413464,2.1154443941134105,3.543109244564893e-32,1.12529227848285e-31,27.171911816901318,0.0,0.0,31.30880619041729
30,100,0.30000000000000004,75.0,0.013017653177455768,9.361002686069309,1.3491554473120795,2167.4799690140226,0.014403697553348053,0.019665662262947036,1.12529227848285e-31,1.6372754538625771,2.8920670538626165,0.007426179439405448,0.010364449662232047,10.550666588655771,0.012245600895116088,0.018646246723449125,0.4958577530183629,798.0175652428146,0.6415139345856257,1.0904091450853393,3.543109244564893e-32,1.12529227848285e-31,9.395900773669586,0.0,0.0,10.845880442359435
30,100,0.30000000000000004,100.0,0.010184919544022215,4.5646200183156695,0.8761143967273587,1406.9967503718246,0.010634987585815475,0.013329152406424117,1.12529227848285e-31,1.0552648853182043,1.8635094991666588,0.00750276702770002,0.006503668473171645,5.183322057415588,0.007096590543535401,0.010445393207780974,0.3220008784625618,517.8219704444388,0.41322269562130565,0.6979205956841138,3.543109244564893e-32,1.12529227848285e-31,4.631487274096901,0.0,0.0,5.242983828542252
30,100,0.30000000000000004,125.0,0.00915001426518963,2.660924145560865,0.6346702495502815,1016.7565575649433,0.009436708917898221,0.011018171663431563,1.12529227848285e-31,0.771860056487367,1.3588439704446094,0.007550395556066245,0.00470920794090685,3.0368875869903653,0.005275897975389025,0.007501901989743508,0.23148552587544519,373.20527340686897,0.3011810176137455,0.5208409756937485,3.543109244564893e-32,1.12529227848285e-31,2.721625582126728,0.0,0.0,3.137494626177861
30,100,0.30000000000000004,150.0,0.008470550192801254,1.7045071146336144,0.49892262384512814,794.94069883923,0.008770111295806057,0.009729779407669285,1.12529227848285e-31,0.5995326104791509,1.0631227623718147,0.007582878802020923,0.0036096745472558186,1.9349234153087989,0.004073466726627107,0.005716683894568409,0.1814647776550239,291.6367121163759,0.23015667902935338,0.3978813792185557,3.543109244564893e-32,1.12529227848285e-31,1.7132442493170275,0.0,0.0,1.9037392735776701
30,100,0.30000000000000004,175.0,0.008241470329700639,1.2029206801960037,0.41010094380646334,649.9174473785833,0.008437901917002966,0.009123400397674524,1.12529227848285e-31,0.48980704844062445,0.8708885580446065,0.007606449915147914,0.0030414699661706,1.3380990176089471,0.003397020640884707,0.004647369074433572,0.14985914838838627,236.80360855656068,0.1872751936730799,0.3290089471329813,3.543109244564893e-32,1.12529227848285e-31,1.2374282341559104,0.0,0.0,1.4114520685526217
30,100,0.30000000000000004,200.0,0.008112460165890458,0.8837654393402176,0.344630560080123,547.4574602247903,0.008235246451033455,0.008785080119871126,1.12529227848285e-31,0.4146719153272903,0.733068347170736,0.007624334217557407,0.002614685299515172,1.002561908160471,0.002900554554036836,0.003998392329445971,0.12243854513899875,203.13222015180034,0.15975157863760706,0.27586788673448404,3.543109244564893e-32,1.12529227848285e-31,0.9038561369330022,0.0,0.0,1.0058654072795186
30,100,0.30000000000000004,300.0,0.007818082640764518,0.3674526574929439,0.21525613436117833,334.67086824798133,0.007887584880155805,0.008101751556897949,1.12529227848285e-31,0.25677879573076323,0.45020284721352943,0.007666767208412681,0.001646911971269971,0.4067643930732499,0.001819468325992615,0.002453332783291588,0.07652111236515785,123.48631536574894,0.09882519698588808,0.16609204310125084,3.543109244564893e-32,1.12529227848285e-31,0.37085165759764216,0.0,0.0,0.4153768755742255
30,100,0.30000000000000004,400.0,0.0077987695264447555,0.2015650077523496,0.15548262485520817,239.35165433306437,0.007779565903486991,0.007896914458359683,1.12529227848285e-31,0.1865261901330125,0.3235403962308802,0.007688361301922913,0.0012046127723954986,0.22837014104034462,0.0013580382689335525,0.0017763558849331496,0.05443358407188897,87.78027390728138,0.07070038896996518,0.12132520898928993,3.543109244564893e-32,1.12529227848285e-31,0.20255143384590046,0.0,0.0,0.22805904101327296
30,100,0.30000000000000004,500.0,0.007760117927982418,0.12821994285992436,0.12194871670189646,185.9463351451818,0.007765899424833715,0.007830928515791232,1.12529227848285e-31,0.14599916923235773,0.25382046590387136,0.007701441211104613,0.0009525622320823131,0.1426143589347593,0.0010528066732229963,0.0014081063349435385,0.042030042049815,68.92193002656936,0.05423715677700648,0.09209307746489481,3.543109244564893e-32,1.12529227848285e-31,0.12546243207522328,0.0,0.0,0.13722604497381413
30,100,0.30000000000000004,1000.0,0.007735591445039239,0.0357262739978599,0.06183430648973788,88.43136419691001,0.007734002619368836,0.007759048433547761,1.12529227848285e-31,0.07345666741737386,0.12337805356384474,0.007727883520541892,0.0004625393644796445,0.03697597904468054,0.0005067037195731087,0.0006710730975098499,0.01991106966210628,32.610539434381586,0.026154967821590835,0.04375182861659292,3.543109244564893e-32,1.12529227848285e-31,0.03685536490522632,0.0,0.0,0.03863018798902842
30,100,0.4,0.01,771770685.5176114,697509420647.1844,785599577.5015548,736366784207.2805,980073037.6994568,1935759600.698555,1.12529227848285e-31,998077726.5840195,2039338315.7676759,0.00038322288498543597,870994595.9169168,769692425251.3239,1136223022.8369453,2215783982.0816946,857278047.3269949,818314974827.349,1154658490.5017495,2300303290.1991544,1.0207503936890803e-31,1.12529227848285e-31,690101603457.6357,0.0,0.0,783457121248.8379
30,100,0.4,0.1,818465.3369092055,754801874.6700308,1066508.706693313,994511548.4316571,1025515.0813217575,2096609.8483207822,1.12529227848285e-31,1355003.1707166447,2743887.607627302,0.002315113055192026,920060.7055211371,861037069.8897929,1196480.6045781758,2381311.3203562396,937265.8798228118,893472725.5190285,1269637.175279964,2515794.384171798,1.0207503936890803e-31,1.12529227848285e-31,761275676.3967135,0.0,0.0,857280029.6492416
30,100,0.4,0.5,7565.67211267803,6760120.19787949,18832.235430942197,17263653.613135528,9515.026179147566,19207.495363134753,1.12529227848285e-31,23888.928836381518,49262.75253560263,0.003791204437487153,8537.137290912042,7599989.657680467,11073.541524803552,22490.581543230972,10586.80230070026,9699150.662137305,13970.097223305309,28471.609513906707,1.0207503936890803e-31,1.12529227848285e-31,6870996.751991604,0.0,0.0,7858139.938934498
30,100,0.4,1.0,1024.7762364646837,933528.3892464271,4163.076693927497,3813244.4234832893,1293.7609657758658,2581.9348237812637,1.12529227848285e-31,5298.380138826388,10618.619859843162,0.004256209043201572,1154.204532687087,1062200.3123271386,1516.781285452626,2953.347321215367,1854.1589582331894,1727338.9131806819,2614.094200753632,4962.625370224567,1.0207503936890803e-31,1.12529227848285e-31,935887.1105727962,0.0,0.0,1052809.2425232094
30,100,0.4,3.0,46.361816372175106,43223.1114095758,479.8476673308538,440399.0687180747,58.75750425021794,123.13562110984563,1.12529227848285e-31,604.491780168944,1235.5091383512374,0.0050689631014226855,53.68174079797378,48614.05117193818,69.02314009281594,140.8184273854568,183.41665874397538,165550.30644398948,257.1413583817757,496.3555547025633,1.0207503936890803e-31,1.12529227848285e-31,44069.55973183177,0.0,0.0,50050.81549136781
30,100,0.4,5.0,11.570942188763249,10722.655505040679,187.75367140816604,173995.21969143843,14.739590143501816,29.908711027820083,1.12529227848285e-31,239.04350134246195,488.9946869045765,0.005528257167904367,12.784180467208614,12131.01162410542,17.354779309230008,34.64588074992648,70.95591502189028,65052.27881836141,98.82513656539699,190.00265070160083,1.0207503936890803e-31,1.12529227848285e-31,10902.158443355323,0.0,0.0,12707.307340694591
30,100,0.4,7.0,4.705348804986177,4221.011934427148,105.05578045894063,97178.17171109033,5.983876176492635,12.214540646038145,1.12529227848285e-31,133.77636375777925,270.8903208866487,0.005847740214200833,5.297766674431431,4686.1959502112595,6.707473392944584,14.11452465769853,39.37624276231018,36073.72473251673,54.80809751044143,106.13463512942931,1.0207503936890803e-31,1.12529227848285e-31,4287.615244392885,0.0,0.0,4869.829853979805
30,100,0.4,10.0,1.8676268377975673,1645.856292503795,57.200469723347204,53257.810269853275,2.29494035671342,4.755453810623385,1.12529227848285e-31,73.16084898650641,148.54909754179494,0.006183258062995983,2.1228826770970097,1839.5266419298678,2.6107050731211343,5.459272141903239,21.138907260960696,19637.762505778486,29.868248561575413,57.16248947909715,1.0207503936890803e-31,1.12529227848285e-31,1687.4746960053706,0.0,0.0,1930.698922982366
30,100,0.4,15.0,0.6539708428068726,568.0911295182952,29.620581886625278,27334.895887713825,0.8317765139937608,1.6211098641546058,1.12529227848285e-31,37.59415095241456,76.2938864633543,0.006538363225132499,0.7643956865505197,655.0450115676957,0.9873329734864608,1.8164555813896148,10.705965461843299,10043.108383485547,15.168574615187481,29.610568277601892,1.0207503936890803e-31,1.12529227848285e-31,589.8582220940374,0.0,0.0,674.5830265439895
30,100,0.4,20.0,0.31015613127210795,273.77617611653733,18.741836101144344,17252.27758329851,0.39370854084635826,0.7882153504793022,1.12529227848285e-31,23.91624440323624,48.26249385111089,0.006762202098119969,0.3486163236820199,309.4949412066718,0.45377506163691655,0.8818794334285525,6.871417214005297,6461.672735763247,9.799670616525574,18.273566833281066,1.0207503936890803e-31,1.12529227848285e-31,283.5602453582029,0.0,0.0,328.4061393861374
30,100,0.4,25.0,0.17639788119511754,155.6873717525051,13.308525499575055,12229.340120259407,0.22388727690246438,0.44797527726852016,1.12529227848285e-31,16.81279932843735,34.37730971188997,0.00691635777335407,0.19574736838666773,171.00106871285305,0.2634199152304273,0.5039916029420527,4.890468157063329,4547.557745405319,6.8545107492331105,13.231339204340552,1.0207503936890803e-31,1.12529227848285e-31,158.37393566061994,0.0,0.0,178.6117287232102
30,100,0.4,50.0,0.03195917773199676,23.089340309689543,3.8393246304619453,3534.6681505292922,0.03925961246341373,0.07046409504373725,1.12529227848285e-31,4.914968208389616,9.959939232975191,0.007282674739873044,0.033033631062482756,25.896777172792913,0.04080808340728752,0.07671646409003587,1.4198164977247718,1301.4299011644255,1.9994903044476118,3.8671732992608296,1.0207503936890803e-31,1.12529227848285e-31,23.182850594559767,0.0,0.0,26.987327718568206
30,100,0.4,75.0,0.015449042831441292,7.811113241093702,1.9741729373011887,1797.9285794569769,0.01830791251366241,0.029432873683875403,1.12529227848285e-31,2.5136926744180337,5.068828184297037,0.007426179439405448,0.01323717386281083,9.05566675010375,0.017233739206545622,0.029998166587803216,0.7234985898408198,669.272914417117,1.0249239352663622,1.9391481671563373,1.0207503936890803e-31,1.12529227848285e-31,7.884501524824448,0.0,0.0,8.962392967063716
30,100,0.4,100.0,0.011449487892273501,3.819929461648965,1.2702676012048757,1166.131618606288,0.012529575296715032,0.01818959088700445,1.12529227848285e-31,1.6058342333343276,3.3049463494514115,0.00750276702770002,0.008209620289196466,4.4594587964938865,0.009634660223673753,0.016417691787054482,0.458207887913145,422.8749850656187,0.6533130391477804,1.2718432373559414,1.0207503936890803e-31,1.12529227848285e-31,3.7936166392625594,0.0,0.0,4.290455309463721
30,100,0.4,125.0,0.00981601283757166,2.1321472775497528,0.9216512175788637,845.1236903546034,0.010566444397463305,0.013800976812312786,1.12529227848285e-31,1.177040562676324,2.3874678306097565,0.007550395556066245,0.005816361847747659,2.3671897590230264,0.0069139656444863985,0.01128602194896487,0.3405424737804602,305.69982280334597,0.4672128366428977,0.9214351988595997,1.0207503936890803e-31,1.12529227848285e-31,2.2605862103910703,0.0,0.0,2.595525072333105
30,100,0.4,150.0,0.009165394614664856,1.4653372288820985,0.7276605322961488,658.6335573782771,0.009474824888947828,0.011463464116687002,1.12529227848285e-31,0.9195483927279645,1.8544303117431802,0.007582878802020923,0.00463386466766744,1.6550403357042245,0.005234060712288238,0.008243044805344633,0.26661378562920157,243.5654624247658,0.37189882268651414,0.7074073893878756,1.0207503936890803e-31,1.12529227848285e-31,1.4406939387168356,0.0,0.0,1.6586101753455247
30,100,0.4,175.0,0.008633537780095513,0.9918033383200185,0.5888195022678462,539.5262759717182,0.008923311309646692,0.010360634521187254,1.12529227848285e-31,0.7566101836551213,1.5308193304329791,0.007606449915147914,0.0036976886336704605,1.1452751720216374,0.004321482899312908,0.006679877041759612,0.21393408588142077,198.5943376994274,0.3028757939327174,0.5781285807250753,1.0207503936890803e-31,1.12529227848285e-31,0.9899265874596568,0.0,0.0,1.0973461036157839
30,100,0.4,200.0,0.008375883073077028,0.7427470879741143,0.5027028187711535,453.6078545575529,0.008666761678894094,0.009713787143392428,1.12529227848285e-31,0.6317831262119513,1.2792538191770115,0.007624334217557407,0.0032166040345500088,0.8419485596629577,0.0037112103567412476,0.005510740254611315,0.18018465593085148,168.94523009933928,0.2536736614714185,0.4908489131863114,1.0207503936890803e-31,1.12529227848285e-31,0.7416245302354731,0.0,0.0,0.8496857656690526
30,100,0.4,300.0,0.00794721949194661,0.31173901274360344,0.30858026143217276,278.123663839005,0.008022322864001898,0.008468196216066712,1.12529227848285e-31,0.3915992336511013,0.7885354889420082,0.007666767208412681,0.0020115760732971246,0.3516523091570115,0.0022728792238966796,0.0033060096244031793,0.11151841650641071,103.24684579172816,0.15631652727696946,0.29815109203399937,1.0207503936890803e-31,1.12529227848285e-31,0.30906284391106087,0.0,0.0,0.3455658482705292
30,100,0.4,400.0,0.007837045707504469,0.16880148955084595,0.2246074848216109,198.74164873756655,0.0078674178910372,0.008116490403826417,1.12529227848285e-31,0.2810839532666683,0.5630378324727051,0.007688361301922913,0.0014697771146400212,0.18831226642893598,0.0016658196174846208,0.0023885562776239893,0.08026556495395165,72.50401101196768,0.1112748468563555,0.2120124752928688,1.0207503936890803e-31,1.12529227848285e-31,0.16674999507032298,0.0,0.0,0.1849069851929888
30,100,0.4,500.0,0.007809851518357292,0.10936795506804421,0.17553072972370795,155.36500137053778,0.007822455046404587,0.007980618406412572,1.12529227848285e-31,0.22127497885049166,0.4449380491749972,0.007701441211104613,0.0011567330778213568,0.12200443168359809,0.0013316709517644395,0.0018862969524958563,0.06145364859874858,56.93155502190525,0.0858489764707388,0.16872725820858497,1.0207503936890803e-31,1.12529227848285e-31,0.1087426353601555,0.0,0.0,0.11773027780477406
30,100,0.4,1000.0,0.007734209853286542,0.03167121414397627,0.08674720194906398,72.9832873353503,0.007747367435529772,0.0077800580367543915,1.12529227848285e-31,0.10802422572368055,0.2131054903455783,0.007727883520541892,0.0005561475824982301,0.03204301148352174,0.0006359818213609064,0.0008993554085523058,0.02911901086795052,26.818605439496086,0.04111026653909515,0.07839826792585468,1.0207503936890803e-31,1.12529227848285e-31,0.031797171342827994,0.0,0.0,0.03266026616983656
30,100,0.5,0.01,1028201583.4019797,1272472075641.5254,1075863390.766661,1365441160384.9033,1376274646.195053,3089584180.8236485,1.12529227848285e-31,1422822579.30488,3154735992.70719,0.00038322288498543597,1158945031.0749397,1450980997346.4812,1630216252.6172361,3575504797.3406625,1208327682.5601237,1517171024816.0806,1607462157.240883,3495726906.5929513,1.0207503936890803e-31,1.12529227848285e-31,1267476950372.0728,0.0,0.0,1399008297877.111
30,100,0.5,0.1,1114505.308199938,1364183536.2965655,1452237.7186416213,1816396164.3820715,1506297.1364093844,3351782.4294679384,1.12529227848285e-31,1946372.956996693,4440994.196726422,0.002315113055192026,1265813.0950026084,1531586023.2547956,1753763.1803350651,3977025.960900796,1328063.6176343097,1659653120.0170684,1799338.3041064513,4113759.2615986047,1.0207503936890803e-31,1.12529227848285e-31,1362283139.1390278,0.0,0.0,1543946489.0832214
30,100,0.5,0.5,10256.63929028641,12687238.373838663,25913.15166103709,31709760.9818229,13528.818735906196,29623.940980268515,1.12529227848285e-31,34768.942034498854,76712.69517678824,0.003791204437487153,11739.819363784012,14169118.7307159,15718.757355343545,33825.377817202374,14928.729817422232,17799153.26570497,21311.566165004173,45082.20609877974,1.0207503936890803e-31,1.12529227848285e-31,12687057.01368714,0.0,0.0,14641453.551110178
30,100,0.5,1.0,1411.116188457614,1729087.4637742562,5643.051156318471,6976632.718606487,1894.1846280629807,4222.822504165215,1.12529227848285e-31,7692.35542923446,17001.01463632909,0.004256209043201572,1630.159059357629,1948873.3461504662,2212.382986076952,4910.5717165520355,2535.993318114513,3138832.993757934,3848.770817030724,7957.479406323233,1.0207503936890803e-31,1.12529227848285e-31,1727188.4069274636,0.0,0.0,1938808.9787933633
30,100,0.5,3.0,64.15511180908521,79230.9630392088,659.4349267778347,806292.2153353461,86.5400440318476,194.04088983324905,1.12529227848285e-31,880.3360388421273,1974.2090182457198,0.0050689631014226855,72.562968264658,89870.90170300838,102.36816956031183,222.65758545568752,255.70947802048258,308923.29713213124,387.87623028958956,806.8908379486124,1.0207503936890803e-31,1.12529227848285e-31,80389.37966139025,0.0,0.0,90410.22610705557
30,100,0.5,5.0,16.128986521951546,19631.643023875193,258.34566755303547,319607.00192922604,22.06126044742355,46.868923406353886,1.12529227848285e-31,346.41486293294446,774.0477490337582,0.005528257167904367,18.181978806711168,21911.701776365524,26.408334537330973,53.86290444784225,96.74845505793502,120935.27731389918,150.23393378828325,304.07963146429864,1.0207503936890803e-31,1.12529227848285e-31,19684.246566301004,0.0,0.0,21508.867211317618
30,100,0.5,7.0,6.576164788504778,7976.056587290591,145.01284950077846,178524.50677292654,8.768199055097508,19.539454082242305,1.12529227848285e-31,193.13091287500603,430.2463673892353,0.005847740214200833,7.783274154921797,9120.308258833986,10.191055270172333,22.871795707899423,54.50595315396565,66671.98117159828,82.03371562697266,166.8983018137976,1.0207503936890803e-31,1.12529227848285e-31,7745.54764931861,0.0,0.0,8838.139917961496
30,100,0.5,10.0,2.5239839673831406,3075.7071976224465,79.22747117488792,97390.1541372216,3.4098096504745574,7.394864801631719,1.12529227848285e-31,105.84691631076913,237.63480971067952,0.006183258062995983,2.873050941525152,3557.7309039373586,4.108278840948111,8.455116773970852,29.020404634914208,35882.583446377335,45.76232641926521,92.4543768203681,1.0207503936890803e-31,1.12529227848285e-31,3079.7754977882614,0.0,0.0,3572.6280593147885
30,100,0.5,15.0,0.8835276521707974,1051.7885478464377,40.462938121055366,50096.76337576647,1.1445276363198669,2.6253577858649764,1.12529227848285e-31,54.53809547367163,121.49163526984402,0.006538363225132499,1.0095565235710893,1199.7044596027617,1.3212632658478651,3.0519060659929287,15.049023183703298,18515.80845148051,23.45868701062137,47.35166522449336,1.0207503936890803e-31,1.12529227848285e-31,1070.336242984419,0.0,0.0,1222.540551727289
30,100,0.5,20.0,0.4151257092040071,519.3569397378016,25.702310604503925,31733.780023034633,0.5602897375103385,1.2370975921461527,1.12529227848285e-31,34.521596960481034,76.84903346969723,0.006762202098119969,0.463676329964572,599.3197498872853,0.6588654289151308,1.396158667321552,9.367717774260687,11715.84034207631,14.735540642913028,29.43938804668239,1.0207503936890803e-31,1.12529227848285e-31,506.10408989025876,0.0,0.0,575.1704303496401
30,100,0.5,25.0,0.2413553502787602,284.2729898673714,18.1521542406645,22388.3901344311,0.3250884773968425,0.7040417678204837,1.12529227848285e-31,24.64505480978392,54.4310470888844,0.00691635777335407,0.273256978698259,320.226747814189,0.3794869117115304,0.8076556178975886,6.752357841382028,8207.687782511724,10.458384835346505,21.241864729591384,1.0207503936890803e-31,1.12529227848285e-31,289.92689547726013,0.0,0.0,330.9497332312118
30,100,0.5,50.0,0.04100418936754922,41.80413100054572,5.300886358430524,6469.034092259608,0.05328703965229016,0.1103663502354389,1.12529227848285e-31,7.10979823021182,15.796049469163062,0.007282674739873044,0.042356972535088494,47.119603509931636,0.05777559546682927,0.1237338894480988,1.9805716910252638,2386.987254168686,2.985605035617277,6.126441435693705,1.0207503936890803e-31,1.12529227848285e-31,42.29911560599738,0.0,0.0,46.98344908299307
30,100,0.5,75.0,0.019097028950297728,14.358902808186727,2.6859575950909433,3324.531681554734,0.02317481558517812,0.042081109394711165,1.12529227848285e-31,3.6054768607757315,7.987106474680928,0.007426179439405448,0.01756740168715368,16.082831531311598,0.023425997725115087,0.04524549139893332,0.9870030561497967,1229.7159104901793,1.5246275138226941,3.1309230588748935,1.0207503936890803e-31,1.12529227848285e-31,14.384703090804503,0.0,0.0,16.708091230600076
30,100,0.5,100.0,0.013021797326169045,6.997320030484857,1.7489181021432652,2136.436860184566,0.015092728380973502,0.023864462113716563,1.12529227848285e-31,2.3311744697441643,5.195070660156937,0.00750276702770002,0.01015240945371876,7.879480121359832,0.01310496405915896,0.02336695832000907,0.6426065049392824,791.9993214310106,0.9806910210577278,2.003969313083908,1.0207503936890803e-31,1.12529227848285e-31,6.872211143421302,0.0,0.0,7.477295413222225
30,100,0.5,125.0,0.010675841711438785,4.124744597765128,1.2678255905695166,1554.2009602840342,0.011825144726691933,0.017464700420182964,1.12529227848285e-31,1.6972035003753225,3.770819159829215,0.007550395556066245,0.007116472425817738,4.7314402869334575,0.008530318391765768,0.015624832730214182,0.45601254760942384,566.3246394470831,0.7155502133536188,1.4671688164273042,1.0207503936890803e-31,1.12529227848285e-31,4.084058227883957,0.0,0.0,4.665244786848265
30,100,0.5,150.0,0.00959020027198274,2.6507271428984502,0.9840753620470103,1214.143500734982,0.010422043490371541,0.013979708126878463,1.12529227848285e-31,1.3333963625943874,2.939543268776051,0.007582878802020923,0.005474759319095144,2.984840347923107,0.006793813795512751,0.01132796920471134,0.3551333976466013,455.07307312711515,0.5668073712952046,1.1579428319567782,1.0207503936890803e-31,1.12529227848285e-31,2.6741436820973385,0.0,0.0,3.0021845949192527
30,100,0.5,175.0,0.009114017037604803,1.8569676612895807,0.8117026095297444,987.5681365751674,0.009584842137088434,0.011979685762958431,1.12529227848285e-31,1.0899192292647266,2.4242786929903355,0.007606449915147914,0.004619196332691263,2.113532333119337,0.005298087811991296,0.008650542656168662,0.2939110806530848,365.4655514959245,0.4518839344633579,0.9322461827696001,1.0207503936890803e-31,1.12529227848285e-31,1.8349645770176664,0.0,0.0,2.1024465558214906
30,100,0.5,200.0,0.008651067466475737,1.386034122769283,0.6838817107773061,834.0166129510013,0.009029702123118202,0.010899355204416922,1.12529227848285e-31,0.9218512537992548,2.0205169281915243,0.007624334217557407,0.0037461042558849644,1.5583999765684116,0.004473638055316088,0.007253776431232556,0.24878678904055646,308.8194914801352,0.38764922825754716,0.7747380750415526,1.0207503936890803e-31,1.12529227848285e-31,1.358918739751262,0.0,0.0,1.565585098608756
30,100,0.5,300.0,0.008096933434361644,0.5654956415625043,0.4203964415234568,510.2930196342783,0.008243722957043688,0.00894982387655839,1.12529227848285e-31,0.5669258852343171,1.246832457686392,0.007666767208412681,0.002346593210260152,0.6231243883036589,0.002803422925108535,0.004278387934894658,0.1511446711356783,188.4520880771219,0.2372389020083385,0.49148674717597834,1.0207503936890803e-31,1.12529227848285e-31,0.5642396392489184,0.0,0.0,0.6342297952208071
30,100,0.5,400.0,0.007914647283775549,0.30504893365679553,0.3024471654494374,364.8417614498852,0.008023662250646688,0.008380462045546029,1.12529227848285e-31,0.4072213391976295,0.8863816983022389,0.007688361301922913,0.0017264377621464954,0.34003951856470016,0.0020097230714370942,0.0031075156089389036,0.1085750438881763,133.4189062866717,0.17312857522557368,0.3382563388626566,1.0207503936890803e-31,1.12529227848285e-31,0.2988211721301092,0.0,0.0,0.33137790088258817
30,100,0.5,500.0,0.007839960622894368,0.19146911038240425,0.23732269239512457,283.06127183061915,0.007872486243183433,0.008107905241535708,1.12529227848285e-31,0.3166930671131071,0.693854969022054,0.007701441211104613,0.0013572094071862427,0.2099921168091311,0.001579370865508969,0.0023706694193577757,0.08434763461230894,104.51835977876448,0.13285773952634708,0.26639583093956454,1.0207503936890803e-31,1.12529227848285e-31,0.19098572180740475,0.0,0.0,0.21210797073873358
30,100,0.5,1000.0,0.007762529258456232,0.05085075773839587,0.11634609115436877,133.81480535903944,0.007760356905276307,0.007801769458651511,1.12529227848285e-31,0.15424169526823067,0.33213667017309967,0.007727883520541892,0.0006551071435328628,0.05345068722278736,0.0007641070102821263,0.0011297563819146084,0.039538801570294706,49.354356951982766,0.0630746886342266,0.12586023241112945,1.0207503936890803e-31,1.12529227848285e-31,0.051564882122851964,0.0,0.0,0.055344120717604674
30,100,0.6000000000000001,0.01,1798060042.9725192,1749537875077.452,1829714785.1993773,1761672362909.505,2758350810.8052273,5571937031.310911,1.12529227848285e-31,2896058006.550983,5653217017.062619,0.00038322288498543597,2054104752.9664836,2003441311772.4875,3435348320.5789857,6399232127.820335,1969072719.8769815,1928588480487.9329,3471494905.79346,6529544264.051342,3.543109244564893e-32,1.12529227848285e-31,1766792130958.978,0.0,0.0,2039408589965.3142
30,100,0.6000000000000001,0.1,1914755.307738947,1872747019.7364376,2462005.4759571524,2467817738.968384,2946704.468079488,5993084.51091478,1.12529227848285e-31,3934708.5415976946,7733652.074581486,0.002315113055192026,2235426.337115223,2106610968.582454,3574989.7146188105,6854285.815992818,2244727.374571294,2244161196.5877795,3841036.9904964296,7026722.650683615,3.543109244564893e-32,1.12529227848285e-31,1872485861.354762,0.0,0.0,2142502130.1187415
30,100,0.6000000000000001,0.5,17318.64772822745,17410649.726035535,44208.95589509803,42883982.11041605,27120.837263920414,53914.6068449445,1.12529227848285e-31,69262.66168936579,137642.9084201851,0.003791204437487153,19772.876373571533,19357128.8677053,33432.023843806695,61744.88684686937,25605.053348450027,23968251.473290317,45922.5240268824,80348.6296092004,3.543109244564893e-32,1.12529227848285e-31,17162277.765960637,0.0,0.0,19684440.424482793
30,100,0.6000000000000001,1.0,2362.9637931681423,2392006.261195744,9634.126332002199,9537064.292469999,3756.091875930115,7614.540183654283,1.12529227848285e-31,15352.853170738703,30376.865132600506,0.004256209043201572,2708.3288309519853,2722076.0470604794,4636.483967303539,8717.020606597413,4452.090364694969,4303521.120858992,8361.440822841663,14715.347768040629,3.543109244564893e-32,1.12529227848285e-31,2360090.503802109,0.0,0.0,2657026.222031727
30,100,0.6000000000000001,3.0,107.14615970347303,108186.16954783961,1106.8426974305414,1099680.4751597235,176.6142062760645,340.9328514926786,1.12529227848285e-31,1762.0741529597324,3479.390698313747,0.0050689631014226855,125.37516412005525,122234.44014818817,226.20445998603913,393.60968712227736,425.8220068899263,420283.82154631097,903.4393082075624,1434.9279778812038,3.543109244564893e-32,1.12529227848285e-31,107432.52782288284,0.0,0.0,123100.11573367454
30,100,0.6000000000000001,5.0,26.783798166167557,26834.008306801614,437.49685423824377,432698.93557297194,43.82092967327337,84.63949025553816,1.12529227848285e-31,691.6099318491291,1381.6708828949343,0.005528257167904367,30.110074849228944,30471.809827251825,54.49170088926406,97.62496486887655,162.02762447113412,158679.70452652205,339.26373552674556,554.5115206697293,3.543109244564893e-32,1.12529227848285e-31,27191.876196475198,0.0,0.0,30978.856480107614
30,100,0.6000000000000001,7.0,10.968452217992448,10726.746862304806,243.9072093537957,243014.26155761394,17.523018500330007,34.31692022395379,1.12529227848285e-31,387.1726824505935,764.193080547378,0.005847740214200833,12.537756469808812,12205.182499803392,21.64376587732549,38.743566617005264,89.9779178482576,90623.23361094031,189.567598009851,304.3780696042146,3.543109244564893e-32,1.12529227848285e-31,10963.171568189791,0.0,0.0,12537.746915859092
30,100,0.6000000000000001,10.0,4.153584136609282,4197.782092319464,134.0485629909301,132118.35775624873,6.728957858209612,13.510290331071069,1.12529227848285e-31,213.17883701468827,419.5825671737307,0.006183258062995983,4.674778788027007,4809.459392701726,8.19796609274338,15.91755969036767,49.56952533854114,48952.04029886222,106.53438647488832,166.80483843079486,3.543109244564893e-32,1.12529227848285e-31,4199.024373403424,0.0,0.0,4776.922155805983
30,100,0.6000000000000001,15.0,1.4652106058571905,1456.7392832527394,68.40341126641896,68018.32627482343,2.327111791176761,4.555332689235798,1.12529227848285e-31,109.50231505677628,216.33187845005406,0.006538363225132499,1.6586243946750063,1653.39613178538,2.870905776431108,5.142460283003437,25.22722086302983,25753.438515430647,53.225456639158686,85.8907941655542,3.543109244564893e-32,1.12529227848285e-31,1426.715486978761,0.0,0.0,1618.3559765325929
30,100,0.6000000000000001,20.0,0.7197793182533309,690.9128692497045,43.67363441910552,42966.53692003117,1.0936358927348941,2.2313181904933264,1.12529227848285e-31,68.35928799436887,137.32462965579998,0.006762202098119969,0.8217189746505675,783.9588771513361,1.3334946074467733,2.5877822105244013,16.143709664772302,16100.809362120819,33.06834198399966,53.96981915148613,3.543109244564893e-32,1.12529227848285e-31,679.805208575453,0.0,0.0,781.7355168149983
30,100,0.6000000000000001,25.0,0.4007117499393339,390.9147330371211,30.857622718794392,30579.57571246146,0.637841249773664,1.2530164694870465,1.12529227848285e-31,48.68172926514982,97.23217568044237,0.00691635777335407,0.44992715118741367,436.9642353346952,0.7647422446386436,1.4451498707104264,11.607129826127675,11166.263329160494,23.99693064431312,38.86021725055783,3.543109244564893e-32,1.12529227848285e-31,400.9031730494508,0.0,0.0,456.9397369595925
30,100,0.6000000000000001,50.0,0.06487978423246742,56.240659007039795,8.932748876303826,8804.632052307457,0.0988271455211511,0.18956799020527632,1.12529227848285e-31,14.186979010883991,28.12996587202975,0.007282674739873044,0.069054882211146,64.39514674589869,0.11695710483621978,0.2102655114027927,3.302488073758034,3244.1745077227156,7.058717487116453,11.07829815707412,3.543109244564893e-32,1.12529227848285e-31,57.556394648162,0.0,0.0,66.72320760566355
30,100,0.6000000000000001,75.0,0.026576207302842773,19.228135676646872,4.527692626033843,4488.851063576399,0.03858759385729823,0.07029345519158048,1.12529227848285e-31,7.197669871263675,14.319704191764956,0.007426179439405448,0.025592534574197804,22.04746593753234,0.04188701549765846,0.07999046383913508,1.6532395073481259,1662.6928677634398,3.511568049408543,5.653392553351324,3.543109244564893e-32,1.12529227848285e-31,19.23321611021308,0.0,0.0,21.60381610065922
30,100,0.6000000000000001,100.0,0.016927931149103112,9.590812123188217,2.9152678697931096,2897.3774018590843,0.023010650829159793,0.0373533557838943,1.12529227848285e-31,4.623912712676312,9.226415709131345,0.00750276702770002,0.01506610213754553,11.208015102340363,0.023381550604421954,0.03996235087225543,1.06531602244008,1070.0055940328798,2.2434926024948108,3.6666286046379875,3.543109244564893e-32,1.12529227848285e-31,9.508490395238125,0.0,0.0,10.68210102687513
30,100,0.6000000000000001,125.0,0.012984005135109096,5.539602763057115,2.1582103824146497,2112.1461393455575,0.016183433972469994,0.024540526326816758,1.12529227848285e-31,3.377026700108116,6.757532563628735,0.007550395556066245,0.01023679948375594,6.285536100922942,0.014720065618169877,0.02401109402993671,0.7927110730885708,776.5930725632686,1.6690684346157112,2.705625626108714,3.543109244564893e-32,1.12529227848285e-31,5.500195681912926,0.0,0.0,6.35290325714791
30,100,0.6000000000000001,150.0,0.011041077298047253,3.6031607671511243,1.6749982933666487,1650.1912411766712,0.013155480746555604,0.018715420622455844,1.12529227848285e-31,2.6599397023815525,5.269919398299868,0.007582878802020923,0.007589483065698437,4.03565006881905,0.010758967428726283,0.01746067562089107,0.6167429132528397,609.0973414562948,1.2939853152661962,2.067257617466292,3.543109244564893e-32,1.12529227848285e-31,3.6145410455308666,0.0,0.0,4.085004913182286
30,100,0.6000000000000001,175.0,0.009991789223894145,2.502445688275883,1.3721234669789149,1346.508467429126,0.011581987969537293,0.01558769166211716,1.12529227848285e-31,2.1509967805259262,4.309281017082438,0.007606449915147914,0.00603055949850258,2.831685751800377,0.008338088147202964,0.013292156760534595,0.5028948555524799,496.4530727876278,1.0348558577296985,1.6976157206645133,3.543109244564893e-32,1.12529227848285e-31,2.4994937643218758,0.0,0.0,2.821961653923315
30,100,0.6000000000000001,200.0,0.009421054540764556,1.8525681586671163,1.1483822337755476,1140.1361324997106,0.010464697913491678,0.013472273019285917,1.12529227848285e-31,1.8344049122856396,3.614188675792172,0.007624334217557407,0.005139811420769563,2.190382290201217,0.006857722258862358,0.010657812811992858,0.4180014681767989,419.1285123330838,0.9020642344859038,1.4167610601711174,3.543109244564893e-32,1.12529227848285e-31,1.8354108427595686,0.0,0.0,2.0531497507402268
30,100,0.6000000000000001,300.0,0.008371934204818502,0.7523578175762442,0.7063829996128201,691.1873167743316,0.00885846359669717,0.009919873920505976,1.12529227848285e-31,1.1142329919612124,2.201289271145666,0.007666767208412681,0.003166783552274221,0.8442720590655323,0.004121013767923151,0.005875593831013703,0.2612266905012536,253.0088327357963,0.5412911164135865,0.8740393605893825,3.543109244564893e-32,1.12529227848285e-31,0.7586264719209256,0.0,0.0,0.8652156841373239
30,100,0.6000000000000001,400.0,0.008036319375646986,0.41888663536257675,0.507408101424777,497.53887600209777,0.0082773281286911,0.008861366717580973,1.12529227848285e-31,0.7973897950334399,1.575321284736288,0.007688361301922913,0.0022498217678751037,0.4740146995186493,0.002882448168363892,0.004232025989463784,0.1827934612098601,183.0019369897591,0.38050658635913903,0.6226946958412809,3.543109244564893e-32,1.12529227848285e-31,0.4040189050347606,0.0,0.0,0.45290978958314565
30,100,0.6000000000000001,500.0,0.007917415292244491,0.25845555898600203,0.3955555622898275,383.50221185354025,0.0080416345942032,0.008450081311433063,1.12529227848285e-31,0.6258339038337725,1.2354484323006363,0.007701441211104613,0.001792246842816467,0.29093746894080025,0.0022572477337095883,0.0032463254088122544,0.14172542776126823,138.63777781973934,0.3057484596986199,0.4878094650156633,3.543109244564893e-32,1.12529227848285e-31,0.25529121053196774,0.0,0.0,0.282383126798082
30,100,0.6000000000000001,1000.0,0.00777304082574365,0.06657209748423404,0.19097643364741163,181.7490088713081,0.007807506519837785,0.007892210743164652,1.12529227848285e-31,0.29615468025153996,0.5824456141390241,0.007727883520541892,0.0008564838087067032,0.07102273166466617,0.0010767600800130328,0.001524355410939006,0.06687971825986382,66.74559712103557,0.13896845668406874,0.226387458867132,3.543109244564893e-32,1.12529227848285e-31,0.06669735425918666,0.0,0.0,0.07255679237539565
