f_c,lamb,unreg_pp_test_mean,unreg_nonpp_test_mean,reg_pp_test_mean,reg_nonpp_test_mean,unreg_jorg_max_test_mean,unreg_jorg_avg_test_mean,type1_nonpriv_loss,reg_jorg_max_test_mean,reg_jorg_avg_test_mean,type2_nonpriv_loss,unreg_pp_test_std,unreg_nonpp_test_std,unreg_jorg_max_test_std,unreg_jorg_avg_test_std,reg_pp_test_std,reg_nonpp_test_std,reg_jorg_max_test_std,reg_jorg_avg_test_std,unreg_pp_baseline_test_mean,unreg_jorg_baseline_test_mean,jorg_baseline_test_mean,unreg_pp_baseline_test_std,unreg_jorg_baseline_test_std,jorg_baseline_test_std,unreg_theta_hat_pp_norm,unreg_theta_hat_nonpp_norm,reg_theta_hat_pp_norm,unreg_theta_hat_jorg_max_norm,unreg_theta_hat_jorg_avg_norm,reg_theta_hat_jorg_max_norm,reg_theta_hat_jorg_avg_norm
0.1,0.01,55545.54087520679,160621044.95626217,57072.5319400491,165426733.8707503,61822.7676902126,87181.9113787892,0.00943378455712119,62900.76415925959,90426.03581008945,0.010822223593111108,59838.30947447112,166144047.69141102,65129.30848832381,90136.04972873503,59593.09785235902,174003618.44545892,66163.06286940498,94629.10326643263,0.009433784557121187,0.009433784557121187,162693611.8955006,3.469446951953614e-18,3.469446951953614e-18,170090367.0498568,362.9372984871215,19577.73650366219,19565.732436982948,382.74642566033367,458.18577672547923,383.72923977747115,457.5006674157342
0.1,0.05,467.8593579077408,1351731.2591742282,528.9094219597168,1539712.5828154222,525.7216935156,768.7047204332242,0.00943378455712119,588.3972966615867,858.1735348734777,0.015080895797001607,496.5366049186423,1419258.1881173316,542.1210344754462,836.4937491584941,520.0200316397692,1498971.4888056861,555.0281464763987,861.3949839147313,0.009433784557121187,0.009433784557121187,1365744.0356672942,3.469446951953614e-18,3.469446951953614e-18,1404732.822371639,33.56431042369596,1803.3389513410593,1816.219362860382,35.44573924275467,42.48501277465463,35.3263661836459,42.39791977516892
0.1,1.0,0.11665226375097756,253.5176323584253,0.35421565131479354,910.7908112900267,0.12787333584210178,0.16958496830494443,0.00943378455712119,0.3845801447025224,0.5367578510493908,0.04304173826360708,0.09420432825825212,274.2177617165585,0.10822109362696243,0.1516629790258511,0.19805972729297605,582.3186910330492,0.21263078665607957,0.3168557395376521,0.009433784557121187,0.009433784557121187,253.91248794514797,3.469446951953614e-18,3.469446951953614e-18,273.80847144951446,0.4670819894881137,24.532419664626563,24.594573312660042,0.49035286100984865,0.5803301020183177,0.4884418756530388,0.5835338812552424
0.1,3.0,0.0507145322358835,12.890662759930287,0.09503465621648415,111.05904261299746,0.051154618772685415,0.05340231995437695,0.00943378455712119,0.09908995883688065,0.11789888771193391,0.0568810287024058,0.013090392939922639,13.788043407745596,0.01395944135774826,0.017476394005952016,0.022696779390287997,67.28693452082868,0.02541501761644277,0.03611860211522007,0.009433784557121187,0.009433784557121187,12.92551012938975,3.469446951953614e-18,3.469446951953614e-18,13.811630284117713,0.11788197067052783,5.504793641183634,5.4888554474667774,0.1223943121290188,0.14134521368941483,0.12233228954592157,0.1417615316029427
0.1,5.0,0.05481456351680822,3.363729353545196,0.07856838449897142,46.031957227943465,0.05501429236875441,0.05547882942752287,0.00943378455712119,0.08018709599766861,0.08780465475275968,0.06266437614339582,0.007617833359584484,3.4820272828394856,0.007857367588984174,0.009584964038943194,0.009352996049502666,26.932497128698337,0.01043475729239108,0.014960292920581738,0.009433784557121187,0.009433784557121187,3.3456750194323517,3.469446951953614e-18,3.469446951953614e-18,3.5560598479117,0.06706637597474532,2.8088485759370783,2.8089766088449064,0.06925056316264344,0.07747171029537116,0.06926674342658518,0.07824171860041405
0.1,7.0,0.05868838626394381,1.4121332683719505,0.07503555498898942,26.386862573849584,0.058761803193498545,0.05879957216899839,0.00943378455712119,0.07600613233090997,0.08041631865281096,0.06595936158943126,0.005275960225397653,1.417338746239938,0.005652678967334572,0.0066450305352113125,0.005399477109077457,15.407105107503156,0.005962530954518663,0.008546659810784977,0.009433784557121187,0.009433784557121187,1.437348012776386,3.469446951953614e-18,3.469446951953614e-18,1.4908650438341267,0.04724847568417621,1.8135050802135564,1.8151932550443428,0.04867502975373026,0.053966163783532556,0.0487011598049476,0.05400366486861694
0.1,10.0,0.06269639963020338,0.6159916688162935,0.07400733296304454,15.052249653027314,0.06279345726677246,0.06279974807660356,0.00943378455712119,0.0746818756315621,0.07702899225308946,0.06891553072129404,0.003646997615318638,0.5980917614146067,0.003849068559522645,0.004603931718761857,0.0030041653984255587,8.879086276290655,0.0034550771905828004,0.004813752240492152,0.009433784557121187,0.009433784557121187,0.6165281622177333,3.469446951953614e-18,3.469446951953614e-18,0.5951010445499119,0.03313058355297345,1.1497758302821297,1.1541732680732188,0.03381504269338342,0.037016237139165534,0.033896568871617544,0.036935949429790955
0.1,15.0,0.06675507955837269,0.2528127210530988,0.07409555275628887,7.37713482137971,0.06682920656741004,0.06683852764746306,0.00943378455712119,0.07437066635321998,0.07556246615108898,0.07159309164097061,0.0021993199052615614,0.23179393026514533,0.0023058543925311877,0.002794191590161188,0.001469494235881517,4.339056249732815,0.0016523744224909258,0.0023539888888898523,0.009433784557121187,0.009433784557121187,0.251451963289369,3.469446951953614e-18,3.469446951953614e-18,0.22801134253390173,0.02180424888511227,0.6613198996978769,0.6622416584829934,0.022081578989044278,0.023669600776068132,0.022203365799461427,0.02372640406530675
0.1,20.0,0.06918886323152967,0.1499642940926432,0.07455862033850591,4.381110019018355,0.06920763158043278,0.06918854008191663,0.00943378455712119,0.07469999180132664,0.07538355458035069,0.07308463650114533,0.0015084821964516718,0.11730730182770821,0.0015880271189608944,0.001932584329638478,0.0008859411576271872,2.525600174259809,0.0009653186614227648,0.0013496256501884356,0.009433784557121187,0.009433784557121187,0.15263767546570636,3.469446951953614e-18,3.469446951953614e-18,0.12311714033828906,0.01619084774821428,0.4393852999637422,0.4421290254052785,0.016397098694567486,0.017387144346127526,0.01643152515108941,0.017387229760751136
0.1,30.0,0.07188065870677014,0.09949558458616628,0.07544845550271338,2.253816174137941,0.07185606870249758,0.0718581043073478,0.00943378455712119,0.07552293744540302,0.07588241789097183,0.07469567138518557,0.0009142363803593767,0.05808863353627032,0.000965521949031661,0.0011589167819631154,0.0004581778776630095,1.2888910638542355,0.0004987368121847722,0.0007148170185960098,0.009433784557121187,0.009433784557121187,0.09968572034244859,3.469446951953614e-18,3.469446951953614e-18,0.05806939548782944,0.010800112998312275,0.25550891539676623,0.25740989022162825,0.010962285641306179,0.011459137015670348,0.01091676635467401,0.011418835318715756
0.1,40.0,0.0733315614050796,0.08667413512916146,0.0760318716572915,1.4767522317969803,0.07334461149106929,0.07333718384777205,0.00943378455712119,0.0760857692711363,0.07631011973790972,0.07555096753953308,0.0006434263014482085,0.03738740789787457,0.0006838433399878409,0.0008274811857126162,0.0002903126071841305,0.8048187741060181,0.00032300358772958785,0.0004665462533905031,0.009433784557121187,0.009433784557121187,0.08779426366766384,3.469446951953614e-18,3.469446951953614e-18,0.038978673473868714,0.00815579929123531,0.1788290274563406,0.1792968156852048,0.00820985243642207,0.008540498026890853,0.008194496237012525,0.008530469059406841
0.1,50.0,0.074274955270277,0.08226518927745721,0.07642781525182013,1.0908054888348553,0.07428165442560686,0.07424366655771815,0.00943378455712119,0.07646577063670047,0.07663714382946386,0.07608136514558614,0.0005035478598479165,0.02857451434699052,0.0005308782701526384,0.0006365751172883806,0.00020921523924795932,0.5957580577829961,0.00023220718371518335,0.00033354963174916767,0.009433784557121187,0.009433784557121187,0.08205594225662008,3.469446951953614e-18,3.469446951953614e-18,0.028653456420761635,0.00652435353370748,0.136530076805336,0.13646260783832917,0.006567014493778122,0.006843159716668651,0.006569744185774532,0.0068359215122257115
0.1,100.0,0.07622791919839741,0.07795923460585164,0.07732635591993894,0.4881565980633237,0.07623564558559076,0.07623071545942486,0.00943378455712119,0.07734197941874088,0.07740851766421038,0.07718341713603696,0.00023241683477583653,0.01245099333965487,0.00024616884119139145,0.00029112912630966205,8.679739199766892e-05,0.2380064623164429,9.633432766111019e-05,0.00013474824898688332,0.009433784557121187,0.009433784557121187,0.07796058601845773,3.469446951953614e-18,3.469446951953614e-18,0.012593857127720369,0.003294591417903482,0.06147025224714254,0.0615865805014364,0.003306353900225699,0.003407550663950694,0.003307956208511156,0.003421873006494703
0.1,150.0,0.07691830108525152,0.07764014100973339,0.07765115454260915,0.3329561177563609,0.07691942885041948,0.07691046380984215,0.00943378455712119,0.07766243321525758,0.07770299939019601,0.07756362094851821,0.0001494125576878644,0.008157319770920593,0.0001583005385666597,0.00018933373028019002,5.3936180351878194e-05,0.14981723456416526,6.051460811324964e-05,8.460583871435598e-05,0.009433784557121187,0.009433784557121187,0.07748283997499969,3.469446951953614e-18,3.469446951953614e-18,0.008131872779062807,0.0022012381968598738,0.039581090973667826,0.03964076637757187,0.002211052760429659,0.002282742303934623,0.0022134622444286885,0.0022782060676452545
0.1,200.0,0.07726589315052906,0.07751474002393631,0.07781972834374437,0.2623559223247392,0.07726885170715685,0.07726700932514324,0.00943378455712119,0.07782743396567787,0.07785631288605889,0.0777562347875986,0.00011158649106553063,0.005974828737599235,0.0001182572775203743,0.0001408330639003212,3.898195151500149e-05,0.10874709072617765,4.286787255918517e-05,6.117691871700355e-05,0.009433784557121187,0.009433784557121187,0.0775546502510134,3.469446951953614e-18,3.469446951953614e-18,0.006040759068212223,0.0016556190445825966,0.029101746863399024,0.029207987591036745,0.0016623537228228748,0.0017068234561302916,0.0016623635854508742,0.0017046106900805256
0.2,0.01,71759.13827755525,290735841.48693126,71900.15207775326,301099357.0198097,82696.63258981601,135131.50909282963,0.00943378455712119,82269.59553612125,136556.77207435225,0.010822223593111108,76381.64465685228,315003589.7064651,87727.96673956007,141495.9489526628,77132.06327017234,314195522.1395048,86523.16581511806,140973.62502485214,0.009433784557121192,0.009433784557121187,296637746.97067904,0.0,3.469446951953614e-18,316187866.5788625,413.4036958735183,26390.988979266174,26485.333141598214,441.4618870567056,568.955801072296,440.58153702163435,567.6508313281028
0.2,0.05,621.2557619867085,2497662.987591604,693.0977246206668,2830332.8401120566,697.3057183896217,1185.8937883686308,0.00943378455712119,795.0468315161188,1324.5565155537836,0.015080895797001607,651.4523463439767,2571203.6922612037,727.8857809170923,1248.2058583660212,683.4832974776795,2812409.779029074,792.2983748114628,1281.0555109125437,0.009433784557121192,0.009433784557121187,2514042.520811263,0.0,3.469446951953614e-18,2702579.122308443,38.39110321609922,2456.637404971068,2437.211051298719,40.85410912271066,52.75852915918131,40.72375210885622,52.52614145566608
0.2,1.0,0.1434483725785242,460.0270872040569,0.44476416524585294,1657.0392422598284,0.15919450489980952,0.247365823688051,0.00943378455712119,0.5033927397071847,0.8049290003986864,0.04304173826360708,0.12266434523790053,494.0751110726899,0.14041636733419,0.23090029996226097,0.25825165536950484,1057.3072300417725,0.2981705259237155,0.4842872790103128,0.009433784557121192,0.009433784557121187,456.53144695708437,0.0,3.469446951953614e-18,477.01684413598036,0.5318218634288565,33.210887725896065,33.198727490124035,0.562598610130222,0.7221940107529522,0.5634361646715484,0.7191374608408656
0.2,3.0,0.052256072584532715,23.02752352911511,0.10635053570745892,203.33974661395186,0.05282773919911165,0.05708715697128008,0.00943378455712119,0.112993294696985,0.15015127019824034,0.0568810287024058,0.015151301166645157,24.77716147576883,0.01640379075299977,0.023135450717950257,0.02962650861005764,123.16573493837333,0.03409004526186272,0.055574901260574426,0.009433784557121192,0.009433784557121187,23.519210132302494,0.0,3.469446951953614e-18,25.01309675979761,0.12957264267013938,7.432764929415933,7.438228639328308,0.13712523358929096,0.1713005936988035,0.1367660057974457,0.16987101305506572
0.2,5.0,0.05543323544804998,5.908480308338616,0.08340016051077226,84.16174969985687,0.05548357007106707,0.056478297392563104,0.00943378455712119,0.08595395022991667,0.10112161154935793,0.06266437614339582,0.00867106511262591,5.935191991923818,0.009259727254668634,0.012117350976486536,0.012308771074492053,49.1709568609049,0.013692274105656231,0.02260852455345606,0.009433784557121192,0.009433784557121187,6.075077621028154,0.0,3.469446951953614e-18,6.480081873752565,0.07217796910790532,3.768920791817655,3.797948956590883,0.07569248284851199,0.09101530214380817,0.07564322754340737,0.0914175288690692
0.2,7.0,0.05903161248134133,2.5997752561614513,0.07773881453875636,47.92338155008912,0.05912615323678591,0.059657034545643375,0.00943378455712119,0.07929583132860266,0.08809070836406324,0.06595936158943126,0.0060346505196942485,2.764545561348625,0.006476301067995407,0.008384524127873222,0.0068435537616339465,28.491264698740036,0.007912843762545375,0.013115441626409222,0.009433784557121192,0.009433784557121187,2.588877452438089,0.0,3.469446951953614e-18,2.7540208386070546,0.050433005331798196,2.4469320596431863,2.444567308873058,0.05237360235169325,0.061917567209478365,0.052403611830862826,0.06211067712292479
0.2,10.0,0.06301146063457372,1.05200155013505,0.07559388335053269,27.4912149483623,0.06297849511183526,0.0632152250488544,0.00943378455712119,0.07646056339947122,0.08170775722392003,0.06891553072129404,0.004179242531114075,1.0904409835536037,0.0043761836093519045,0.005685426914156136,0.003938693430221717,16.31633548656633,0.004464379227250109,0.007669770551843877,0.009433784557121192,0.009433784557121187,1.0784381344996856,0.0,3.469446951953614e-18,1.11052506955936,0.03481586487657825,1.55460458557351,1.5606578144574255,0.035951327944364224,0.04160923160271875,0.03602631241325206,0.0420169880960325
0.2,15.0,0.06692799941663366,0.3929391338035666,0.0748375564660506,13.388489221754327,0.06701895389730048,0.06704876856306945,0.00943378455712119,0.0752958741747029,0.07775761740947812,0.07159309164097061,0.0025033170932139853,0.3749153536149846,0.002696550646605947,0.0034416504342379833,0.001912314364198822,7.880305976995712,0.002161401424767668,0.003580800030553616,0.009433784557121192,0.009433784557121187,0.3947836101643549,0.0,3.469446951953614e-18,0.38474869000858863,0.022619478983504825,0.8898748086608582,0.894010198628646,0.023104502321652693,0.026158143988314224,0.023215625191100916,0.0261922340138432
0.2,20.0,0.0692729705793282,0.21726781529568093,0.07500858009229627,7.878989532364698,0.06930703506104026,0.06935210379249802,0.00943378455712119,0.07523276256487875,0.07671873206150366,0.07308463650114533,0.0017560640250855106,0.19547296368795222,0.001860275889633459,0.0023545711073994576,0.0011203398560825646,4.621878730825881,0.001262621936858332,0.0021405752624093955,0.009433784557121192,0.009433784557121187,0.21570401532476904,0.0,3.469446951953614e-18,0.18631767603201152,0.01670739339948079,0.5953798538269875,0.5944454833602456,0.016994084112211916,0.018780823285043248,0.016976151153089886,0.018827467135742678
0.2,30.0,0.07194038516022058,0.12253143862523941,0.0756628750896488,4.03662824279051,0.07193378670711437,0.07195993746323325,0.00943378455712119,0.0757934889462875,0.07652435168068625,0.07469567138518557,0.001057999144661803,0.086430469543213,0.0011221170264527627,0.0014390219932195578,0.0005692479751126377,2.3506140648725555,0.0006568978862677391,0.0010759005286613884,0.009433784557121192,0.009433784557121187,0.1206915821856722,0.0,3.469446951953614e-18,0.08297681625871084,0.011037064710639763,0.3479198281018611,0.3468242480401349,0.011230163081081447,0.012138843418828099,0.01117049570537747,0.012163665232537639
0.2,40.0,0.07339368029096202,0.09829665890982822,0.07617232284957959,2.630616965097401,0.07341006738599595,0.07341028445034595,0.00943378455712119,0.07626345163746741,0.07674169876108264,0.07555096753953308,0.0007360532044813358,0.05460661451390775,0.0008077913769116835,0.0010329027877064407,0.00037493809068479806,1.4984519225350825,0.00042347639120322964,0.0007103068527404464,0.009433784557121192,0.009433784557121187,0.0976065196473343,0.0,3.469446951953614e-18,0.054543603166867245,0.008263198170278358,0.24197811301810707,0.24190217135408115,0.008367820680395285,0.00899833483435598,0.008369956415027809,0.008982787216353687
0.2,50.0,0.07431197411537728,0.08903675918354705,0.07653939659152993,1.920123452932635,0.07432425233915371,0.07431066362889091,0.00943378455712119,0.076600630137043,0.07693669906976217,0.07608136514558614,0.0005807398913845507,0.04013232157916606,0.000623804296337812,0.0007921557196965894,0.00027401638391634,1.0974761087046718,0.0003051857028210356,0.000508483708955197,0.009433784557121192,0.009433784557121187,0.08804809363694678,0.0,3.469446951953614e-18,0.03926689782053316,0.006617618140126467,0.18404813249912558,0.18378449178666736,0.0066936190205883865,0.0071613549939694935,0.006711240681176108,0.007124648689396952
0.2,100.0,0.0762545782440238,0.07921986330503966,0.07736938218432277,0.8273856858343793,0.07626071778661585,0.0762621573313314,0.00943378455712119,0.07739601295772622,0.07753288820314412,0.07718341713603696,0.0002656088374416422,0.01727874459087125,0.00027949723262879516,0.00036775511401314196,0.00011148600374110963,0.43866764911100337,0.00012591976367583578,0.00020410901170863025,0.009433784557121192,0.009433784557121187,0.07897131618396296,0.0,3.469446951953614e-18,0.01733275158346289,0.003318703691190487,0.0833190421742278,0.0831060241641893,0.0033448810925474424,0.0035276518015327175,0.0033461773482524565,0.0035268915435079586
0.2,150.0,0.07693489279161363,0.07833269591620011,0.0776788214561408,0.5443774741201478,0.07693461859134286,0.07693386265498237,0.00943378455712119,0.07769636603674628,0.07778238578480076,0.07756362094851821,0.00017088276055360693,0.011168648718769558,0.00018508729646872418,0.00023649820103223117,6.961039747194878e-05,0.2727998916185128,7.90805401909789e-05,0.0001315583664634675,0.009433784557121192,0.009433784557121187,0.07809315796051669,0.0,3.469446951953614e-18,0.011029917098623731,0.0022131749164283477,0.05327160640471622,0.05358169357037258,0.002237443185718659,0.0023493420621847213,0.002235267474162213,0.002351112278580938
0.2,200.0,0.07727882494782705,0.07790918428251514,0.07783942934082763,0.41438280909341213,0.07728100677874393,0.07728293064110835,0.00943378455712119,0.07785077188178513,0.077913073062687,0.0777562347875986,0.00012802376289498853,0.008191875081500804,0.0001352406565122123,0.00017579073831180015,4.9870986802862015e-05,0.20160750393450685,5.6332512515761203e-05,9.290249812593481e-05,0.009433784557121192,0.009433784557121187,0.07800129243851896,0.0,3.469446951953614e-18,0.008156461842024386,0.0016651879303178922,0.039492195530411375,0.03935855426435955,0.001676576615600821,0.0017580697141216038,0.0016746386931329738,0.0017585050366129352
0.30000000000000004,0.01,96778.34693799574,308594546.33704054,98694.20501144933,315609206.1992755,112422.7956428642,207789.07390074828,0.00943378455712119,116576.74447549085,215660.19744910623,0.010822223593111108,104035.3165106727,328026716.95813465,117863.70861832153,220673.34439511417,104090.5437086244,325640503.7711701,120894.12085976066,225761.91992472004,0.009433784557121192,0.009433784557121187,312039318.9238034,0.0,3.469446951953614e-18,323812496.9172569,479.619013249869,27126.917373782682,27124.696801252652,517.4566150566192,707.0188861780833,518.5674776179203,706.5415087395065
0.30000000000000004,0.05,820.3035491394792,2692789.15899459,924.2158404344752,3027176.1590252374,969.7071363567848,1824.8560596558195,0.00943378455712119,1076.5738663547093,2005.9770716209925,0.015080895797001607,862.9120984565282,2769960.919363239,1026.1791173824565,2007.5459036526,902.2563194470773,2884971.649422557,1054.474887056445,1919.2680144319793,0.009433784557121192,0.009433784557121187,2681262.5421321276,0.0,3.469446951953614e-18,2869683.634387001,44.08580358201075,2522.4398078132153,2527.9808621791944,48.13536635305971,65.57265467270237,47.84849144914102,65.4892637631886
0.30000000000000004,1.0,0.18094476295125458,489.2277983002602,0.5801105774521212,1746.2205384317529,0.20769296115445063,0.3603626397346695,0.00943378455712119,0.6799902653669211,1.2134439505775136,0.04304173826360708,0.16079486173605861,517.3109501518077,0.1872481071893521,0.3559276749532738,0.3439232777095929,1099.866517365153,0.40853643488561686,0.7256803648800496,0.009433784557121192,0.009433784557121187,488.9997193780183,0.0,3.469446951953614e-18,508.4694972452864,0.6050343950256698,34.12063505442037,34.11769669856168,0.658836763708973,0.894219482542411,0.6612278664879105,0.8896708408370221
0.30000000000000004,3.0,0.05373317922724664,24.50317956483495,0.12307598218289022,215.38450030608922,0.055180948281752566,0.06325800296996857,0.00943378455712119,0.13466221140094925,0.20136658335665028,0.0568810287024058,0.017705200226688044,25.864432866575807,0.019733682169665635,0.03018305335753938,0.04034586052112718,129.07073144179427,0.0463012284122213,0.08681204058605274,0.009433784557121192,0.009433784557121187,24.471148383425515,0.0,3.469446951953614e-18,25.97883562576253,0.14626768086891506,7.633366234563136,7.658742099317734,0.15687627588792458,0.20612065423660925,0.15740035871539557,0.20669212970330322
0.30000000000000004,5.0,0.055507374997779746,6.323461957970617,0.08980274049051187,88.91875585447104,0.05601021554204488,0.05804945709213729,0.00943378455712119,0.0946884145525579,0.12256513622590341,0.06266437614339582,0.009866450535123703,6.505713227471915,0.010978022377392238,0.015205702576292886,0.016134527851978064,52.762591191009435,0.018728507705348833,0.03528209469760931,0.009433784557121192,0.009433784557121187,6.41412845867304,0.0,3.469446951953614e-18,6.555631934548686,0.08027126671365757,3.8913890895056036,3.9009393758708573,0.08524541911568295,0.10995433209751736,0.08521899009723523,0.10951887268256988
0.30000000000000004,7.0,0.05901400854874653,2.7365944397897475,0.08131274554743961,50.70900105245958,0.059276368434427434,0.060056937134591794,0.00943378455712119,0.08446521317184252,0.10031797279971531,0.06595936158943126,0.006860590209573666,2.8888256392816083,0.0075590799656777875,0.010441741796775367,0.008931059274090594,29.517229182755088,0.011068229247887406,0.02038359788543204,0.009433784557121192,0.009433784557121187,2.749724913877418,0.0,3.469446951953614e-18,2.864101828914912,0.05518613692091654,2.5217263284751503,2.518012586192865,0.058137249417722435,0.07332367498729186,0.05842066813017392,0.07327078025259598
0.30000000000000004,10.0,0.06290969266465977,1.1245571995808854,0.07774556187806249,28.97104018124743,0.06299543193720414,0.06349057282293215,0.00943378455712119,0.07948543418673788,0.08848427878561801,0.06891553072129404,0.0047207036562880765,1.1326527476595203,0.005234037099079554,0.007171293821950906,0.005196705803013622,16.91500459077717,0.0062891516481397465,0.011311248255513915,0.009433784557121192,0.009433784557121187,1.1252509423584987,0.0,3.469446951953614e-18,1.1115669052929067,0.03757708700031736,1.6018473585157595,1.6038880623301695,0.039571195265917396,0.04859195624821435,0.03954626602190775,0.048631097447542834
0.30000000000000004,15.0,0.06689056412506232,0.41665722043783715,0.07589762412988078,13.953275961929487,0.06688784279629399,0.06703907181373227,0.00943378455712119,0.07671967792576584,0.08109801997234428,0.07159309164097061,0.0029360613844876507,0.3941855071593852,0.0031427524461701897,0.004278314992166812,0.002541798081380217,8.24118014605868,0.003079959082908453,0.005604605641040176,0.009433784557121192,0.009433784557121187,0.4109179572104363,0.0,3.469446951953614e-18,0.3862363815586844,0.0240721190756759,0.9136619788772338,0.9125928262599297,0.02499855987151228,0.029714634975154842,0.025035292914075944,0.029813950069425037
0.30000000000000004,20.0,0.06926404268350286,0.22403233874725098,0.0756256154771842,8.302173246757194,0.06924723260924429,0.06933927829983767,0.00943378455712119,0.07609313914317165,0.07869536868979227,0.07308463650114533,0.002021193705634302,0.20122819316362592,0.002187370272548674,0.0029877265649699393,0.0014778151016970153,4.867775231522756,0.0017884663046213141,0.003362329241226306,0.009433784557121192,0.009433784557121187,0.2224495532903481,0.0,3.469446951953614e-18,0.1944392771205455,0.017564849777511632,0.610345239673172,0.6101879426804309,0.01811037435783348,0.021096542769031515,0.01819688733994814,0.02108552450943371
0.30000000000000004,30.0,0.07191575088760116,0.12427836736423242,0.07597716427924125,4.221898754408962,0.07192227391475416,0.07197006508636535,0.00943378455712119,0.0762264060503055,0.07750751210852938,0.07469567138518557,0.0012143992789728692,0.0862195683470379,0.0013139315009726641,0.001789296342441019,0.000763811843724111,2.415331432337693,0.0009235214066193915,0.0016643483596000732,0.009433784557121192,0.009433784557121187,0.12482398094370137,0.0,3.469446951953614e-18,0.0866885440346126,0.011502451124124837,0.35586835070122164,0.35518954105534073,0.011797989221670519,0.013324485299647023,0.01180638312463682,0.013310476043376658
0.30000000000000004,40.0,0.07336753321114046,0.09957669268498276,0.07638064458904223,2.766144612370035,0.07336329630247972,0.07340276975032535,0.00943378455712119,0.07652383708874069,0.0773852012460703,0.07555096753953308,0.0008640926626691677,0.055394753542018206,0.0009265648169365544,0.001266321380171023,0.0004948697029443458,1.6077765333589702,0.0005840340019033753,0.0010670925707553646,0.009433784557121192,0.009433784557121187,0.09827237187283826,0.0,3.469446951953614e-18,0.054604631151336486,0.008569389136777378,0.2479533591701198,0.24796153699603746,0.008783985920349015,0.009798610083632272,0.008779266030611275,0.009782120389271667
0.30000000000000004,50.0,0.07429035840367416,0.0891170499864159,0.07669006789755481,2.015731160540887,0.07429778005930086,0.07431815050456263,0.00943378455712119,0.07679655792187336,0.07742557202840977,0.07608136514558614,0.0006540601341002121,0.040839321989271773,0.000720981565746992,0.0009883342192924264,0.00036047491433293305,1.1285160479810936,0.00042518694687551027,0.0007934587981460184,0.009433784557121192,0.009433784557121187,0.08965809981089515,0.0,3.469446951953614e-18,0.0414900894738221,0.00684988066916679,0.18986081431060553,0.18871207785127286,0.006986265073876061,0.007737899498830111,0.006983793758699468,0.007721362872775056
0.30000000000000004,100.0,0.07624479025084753,0.07915009576589342,0.0774309896498213,0.8667209857751903,0.07624314581840128,0.07625651294109594,0.00943378455712119,0.07747299650209388,0.0777222196878423,0.07718341713603696,0.00030138815780306275,0.017777938993111968,0.0003332912158578584,0.0004490198074961392,0.0001498700284575514,0.4658619184777414,0.00017358766731823122,0.0003183307924167132,0.009433784557121192,0.009433784557121187,0.07972658509251909,0.0,3.469446951953614e-18,0.017676852302114934,0.0034103936633204427,0.08614173727402626,0.08528555202560048,0.003476057697155153,0.003780685507409289,0.0034728988115941633,0.0037711972082261126
0.30000000000000004,150.0,0.07692727457177029,0.07823571431558535,0.07771523791537278,0.5716478901887984,0.07692748783625968,0.07692929778552329,0.00943378455712119,0.07774232270390875,0.07789791555235225,0.07756362094851821,0.00019553282530204662,0.011298101865235931,0.00021824944324535202,0.0002937889400966651,9.040937467820131e-05,0.2902748980677388,0.00010746248034524409,0.00019547691369543258,0.009433784557121192,0.009433784557121187,0.07809817510732207,0.0,3.469446951953614e-18,0.011192510925145581,0.0022759185679414357,0.054774819777349944,0.055091155153724404,0.0023126054283969908,0.002505921740630301,0.002313869752635923,0.0025036264969375663
0.30000000000000004,200.0,0.0772718454042495,0.07796769126409862,0.07786697584421616,0.43145066413356326,0.07727253088304185,0.07728167654111857,0.00943378455712119,0.07788619738156977,0.07799974415542565,0.0777562347875986,0.00014607407482290755,0.008401609849215053,0.0001594101198018132,0.00021874041586849744,6.641189155302574e-05,0.20821543327668823,7.63370897433999e-05,0.00014626477149384744,0.009433784557121192,0.009433784557121187,0.07804067000482882,0.0,3.469446951953614e-18,0.008296570708802398,0.0017094029298479866,0.04057391980497613,0.040388009250783875,0.0017376636955956308,0.0018682716878723443,0.001737286175853653,0.0018682707000361248
0.4,0.01,124928.15368768596,253174176.10562456,130355.9754709812,261534835.9225145,152763.55738973722,318255.7896895439,0.00943378455712119,156981.6981487767,334389.26474338904,0.010822223593111108,129090.78365190377,272194725.11279535,160443.75207024778,339111.49065509817,137893.52000985263,269970725.99338967,164005.77154442368,364798.0986080409,0.009433784557121187,0.009433784557121187,249917919.0225103,0.0,3.469446951953614e-18,264681050.00518027,545.8570071467809,24535.59694543002,24652.986315486647,605.0388577942089,869.0943746784058,604.5001782773082,872.0448630220338
0.4,0.05,1066.5634904224203,2202139.277524522,1198.3427448494647,2471966.1998211904,1304.5844120873867,2752.1554473012325,0.00943378455712119,1478.5024807280886,3116.338667759744,0.015080895797001607,1118.926521717418,2317743.840757281,1401.0749686943911,2888.759438785954,1185.0259779271983,2435779.5020192633,1438.321542908402,3052.6469232917398,0.009433784557121187,0.009433784557121187,2177649.29263218,0.0,3.469446951953614e-18,2374860.9296764573,50.58493279687263,2270.3189300996823,2274.75117614297,55.81041538054685,80.82512086276154,56.1436788646796,80.59879426088186
0.4,1.0,0.22805641568803076,396.84673023528836,0.752422501400856,1420.4715838284321,0.2717682161925302,0.5230478715918551,0.00943378455712119,0.8947410654789515,1.837035509695457,0.04304173826360708,0.21490930367675906,424.94361988158846,0.25748001210142535,0.5277141504285977,0.4558417424480734,902.2382389294077,0.546043786008175,1.1433686151029552,0.009433784557121187,0.009433784557121187,398.7957917375736,0.0,3.469446951953614e-18,425.8560633275778,0.6942550836636848,30.72402833395375,30.77280830161025,0.7636597997596127,1.0925845331479618,0.7611964172193478,1.0953472656570633
0.4,3.0,0.055618802163562193,19.95258885879375,0.14387395987749219,173.73248474288505,0.05803267693826067,0.07137250489088928,0.00943378455712119,0.16295816826520026,0.2751115701738814,0.0568810287024058,0.02061931089095335,20.660260854440835,0.024461510818544734,0.03978202415549211,0.052844403065392294,101.94818710005562,0.06357328278578087,0.12919828160776536,0.009433784557121187,0.009433784557121187,19.98648638474645,0.0,3.469446951953614e-18,20.601412797571957,0.16404470670362498,6.908426406630328,6.883916000606141,0.17892205589586282,0.2518594028468185,0.17990711723187047,0.2509625202179322
0.4,5.0,0.05579645783708106,5.23040948924998,0.09807815319582791,72.11819197379904,0.056629673839943294,0.06001195464479235,0.00943378455712119,0.10579202484192694,0.15249541664202473,0.06266437614339582,0.011450042522472172,5.5613235313091485,0.012831078211236855,0.019219285053970546,0.021241322312815756,42.08704179481334,0.02602925539540188,0.05381589196721228,0.009433784557121187,0.009433784557121187,5.271008878889463,0.0,3.469446951953614e-18,5.447780732743572,0.08955851143686605,3.508494084833013,3.5193150846200747,0.09601885802043011,0.132286379994437,0.09587912712216844,0.13120884152099158
0.4,7.0,0.05923618997322556,2.2055143298068964,0.08653667858732139,41.500923893693106,0.05936009519510337,0.060971131321087634,0.00943378455712119,0.09117600351495632,0.11784904481328878,0.06595936158943126,0.008068930702403204,2.285093343447022,0.008952299079386989,0.012984519252529745,0.012210700532959987,24.38552148338383,0.014949853701300886,0.030772033434065305,0.009433784557121187,0.009433784557121187,2.191269070598023,0.0,3.469446951953614e-18,2.2581575915306975,0.06045502911556738,2.2671248117285363,2.2758466720577597,0.06538549529192592,0.08721686337492193,0.06548452593274794,0.08707786475371943
0.4,10.0,0.06301090926155782,0.944192930729544,0.08042656158353739,23.224978940749597,0.0630630237432741,0.06361284238869548,0.00943378455712119,0.08323990328308478,0.0986714197646236,0.06891553072129404,0.0055029748825217275,0.9640836528350049,0.00596600718826174,0.008828959082902104,0.006859238683477206,13.333770081244976,0.008514146590364112,0.017815632100863787,0.009433784557121187,0.009433784557121187,0.9453904481975404,0.0,3.469446951953614e-18,0.971960993327684,0.0408810776256316,1.4520036056819332,1.4365774816839023,0.04357189701681762,0.056899799155628615,0.04361707529988719,0.057234621495274994
0.4,15.0,0.06682375307531631,0.36210864085144495,0.07726453514929923,11.449622066707738,0.06687198968212073,0.06709807185523603,0.00943378455712119,0.07846386430978866,0.0859088906162176,0.07159309164097061,0.003300128072325153,0.3505094504707792,0.0036863081949582983,0.0053265219126990265,0.003291019241577693,6.727922784299079,0.004094699367145097,0.008433635514113582,0.009433784557121187,0.009433784557121187,0.35560463798601916,0.0,3.469446951953614e-18,0.3373576469473794,0.025801757726287237,0.8326380171699717,0.8261352006203768,0.027195123343488926,0.034527441627885375,0.02712860690754017,0.034437888478962626
0.4,20.0,0.06922308972867364,0.19711389408945804,0.07642019054370322,6.813499445497798,0.0692690544951954,0.06938703652286524,0.00943378455712119,0.07716300680710596,0.0814516831105343,0.07308463650114533,0.0022504010642599532,0.172514648389941,0.002535739131608526,0.0036529974852952418,0.001990672172107152,3.9338347141894174,0.0024546381167868795,0.004966032772245775,0.009433784557121187,0.009433784557121187,0.1984129211945478,0.0,3.469446951953614e-18,0.17142301580071728,0.018613460216521334,0.5510897287363741,0.5531965694587911,0.019485741558681997,0.02398967223944905,0.01950171165920834,0.023861512687006058
0.4,30.0,0.07190895783624965,0.11450288987450988,0.07638915053021629,3.4679579568701744,0.07188274023263556,0.07194442734626036,0.00943378455712119,0.07677775069533274,0.07900096656923336,0.07469567138518557,0.0013774959629533551,0.07725175347676351,0.0015438497068424786,0.0021998784318112666,0.0010045948048358303,2.006121670826666,0.0012299208972161968,0.0025047573348884683,0.009433784557121187,0.009433784557121187,0.11473255402185874,0.0,3.469446951953614e-18,0.07563180843336564,0.012046008183472798,0.321604503762719,0.32107084142987874,0.012547917342562123,0.014944076450252166,0.012505695935979168,0.01498958560347985
0.4,40.0,0.07336054444908507,0.09431676948752434,0.07663117733255138,2.2759211396183856,0.0733830186485709,0.07340633844044189,0.00943378455712119,0.07688123196642122,0.07830697214921328,0.07555096753953308,0.0009794582290533053,0.049777714708854844,0.001082812524299851,0.0015680545578883281,0.0006440066065566593,1.3130927137247355,0.0007916129726290576,0.0016230078079474386,0.009433784557121187,0.009433784557121187,0.09317011859709977,0.0,3.469446951953614e-18,0.04787425081197726,0.008929708090146567,0.22404866711605836,0.22433937767180673,0.009223987698200794,0.010845305403778871,0.009251366127928115,0.010828159746971199
0.4,50.0,0.07428354319705115,0.08612175792460912,0.07687701222637461,1.6629863099316882,0.07429145753642243,0.07430277971541256,0.00943378455712119,0.07704604099987816,0.07808903829941291,0.07608136514558614,0.0007556127294538138,0.0361517280067181,0.0008364095017135147,0.0011966814539372222,0.0004695545382660888,0.9375591229224912,0.00057284537507794,0.0011911872972437568,0.009433784557121187,0.009433784557121187,0.08602706200296768,0.0,3.469446951953614e-18,0.03614148275688494,0.007112921124636387,0.17108975317826958,0.17060590451219912,0.0073250392780482,0.008530051741012762,0.007329230806346527,0.00853548931639491
0.4,100.0,0.07624024407068512,0.07868460461990424,0.07750398744405311,0.7251749976277759,0.07623580786145083,0.07624377029120827,0.00943378455712119,0.07757709383816327,0.07800222279737998,0.07718341713603696,0.00034988492646189994,0.0158505481598884,0.00039166525561365993,0.0005642040486295316,0.00019015093136184495,0.3880083601375908,0.00023734017743229642,0.00047991907159414395,0.009433784557121187,0.009433784557121187,0.07868572364214765,0.0,3.469446951953614e-18,0.015807029149480973,0.003520963013205656,0.07728462379981933,0.07717580102891139,0.0036177526141313683,0.0041166083562108255,0.0036114397245302684,0.004110323896777669
0.4,150.0,0.0769189437910617,0.07786954278296462,0.07776232616339464,0.48191073552190744,0.07692110757070184,0.07692063140901,0.00943378455712119,0.07781034675548207,0.07807496324318218,0.07756362094851821,0.00022342784924417222,0.010326234355952727,0.00025128287150737877,0.0003603855714893315,0.00011741927293351583,0.23482609483021497,0.00014715089130617142,0.00030181688810454894,0.009433784557121187,0.009433784557121187,0.0780913330628522,0.0,3.469446951953614e-18,0.010133221648051449,0.0023493951095513235,0.04963061066179834,0.04989613487277513,0.0024034428651484832,0.002721589416019274,0.002404165370614749,0.0027235236446918614
0.4,200.0,0.07727049518645111,0.07775333416997507,0.07790143112753938,0.3678431896209911,0.07727046725136125,0.0772699889479969,0.00943378455712119,0.07793205627505916,0.07812352111318333,0.0777562347875986,0.0001666657852551216,0.007527877681249316,0.00018613190015183333,0.0002678458572761095,8.653238844452185e-05,0.17092348177195152,0.00010272238768764847,0.0002163473304363435,0.009433784557121187,0.009433784557121187,0.07787644726428167,0.0,3.469446951953614e-18,0.007587751080184918,0.001758832498529258,0.03672218053396037,0.036581399688727353,0.0018015399277993744,0.0020300956039087186,0.0017967104102862316,0.002023113010181226
0.5,0.01,203876.4988534953,294484961.6702595,204450.48153462893,300447277.89954597,273951.69704083767,584407.6243417902,0.00943378455712119,276492.2186667694,616962.8380349703,0.010822223593111108,221264.01773170498,312007098.97716135,290028.61134699394,611994.8991404676,208614.81934263054,309519527.74616313,283688.2068891829,640044.9006517045,0.009433784557121187,0.009433784557121187,296814754.4458963,3.469446951953614e-18,3.469446951953614e-18,318459762.582285,696.5527016649299,26344.65890831409,26388.073955150954,807.356216986423,1187.1831708872676,803.2689906927193,1190.6129203427415
0.5,0.05,1716.0590076639403,2517918.9506422933,1964.6789949668575,2867938.29270605,2322.8273800038696,5057.653809968173,0.00943378455712119,2671.0477927504753,5610.474329501542,0.015080895797001607,1783.6880496773429,2620450.016342138,2480.561818694614,5272.711239125806,1866.2831536818228,2833139.2614533408,2607.2256085898944,5318.90438346898,0.009433784557121187,0.009433784557121187,2445663.637352823,3.469446951953614e-18,3.469446951953614e-18,2535649.1384914145,63.88921919190096,2457.4978338930996,2454.1102185276227,74.29714748878264,109.84198972797313,74.69492858566265,109.46160754887867
0.5,1.0,0.3449188588632528,459.5120961192443,1.1870751071896537,1667.8429932047072,0.4538538722470671,0.9548720607845491,0.00943378455712119,1.5859376323140755,3.350280847435734,0.04304173826360708,0.3346011512102227,491.87037834224424,0.45387650241615873,0.9741286051044274,0.7246427956196513,1032.8195746060499,0.9959229788282558,2.088870412435692,0.009433784557121187,0.009433784557121187,458.81098407460115,3.469446951953614e-18,3.469446951953614e-18,481.854191603451,0.8726587245413615,33.229234054046636,33.345350506224136,1.0133598290216066,1.4932898160385335,1.0174768232348512,1.4879641774635053
0.5,3.0,0.062283911923048024,22.615812015161374,0.19570969584743594,202.51766435640909,0.06710779685829069,0.09262629318707857,0.00943378455712119,0.24458713970489115,0.46278822144959914,0.0568810287024058,0.029583945149100514,22.935348774593553,0.03548587212684726,0.06414667243953051,0.08391069302266094,121.25055613902826,0.11258135237143489,0.24776892939281214,0.009433784557121187,0.009433784557121187,23.041461678426153,3.469446951953614e-18,3.469446951953614e-18,24.501929397819467,0.20308388630865337,7.461015099941066,7.421391739420115,0.2326185644024753,0.3382005623062735,0.23359630853613422,0.3373433089306241
0.5,5.0,0.05777614518632253,6.131508671345809,0.12047566837955134,83.48032044980494,0.05920696245854026,0.06580142319431491,0.00943378455712119,0.13987856248290126,0.22906064553620922,0.06266437614339582,0.015083079059257957,6.527002768827037,0.01722138366847568,0.027123536569578714,0.03445181670163386,49.49359220044228,0.04575759490422364,0.0980827878339387,0.009433784557121187,0.009433784557121187,5.945549638601723,3.469446951953614e-18,3.469446951953614e-18,6.222000220136019,0.1081166667584172,3.7853451775333036,3.781704061419254,0.12200183202004325,0.17491310454721604,0.1226713670784651,0.17430269306234694
0.5,7.0,0.059835732021167175,2.5897782059252723,0.09911410100144935,47.61385550503742,0.06034352571342674,0.06329517265035926,0.00943378455712119,0.11007704034556091,0.16307082763565664,0.06595936158943126,0.010153780520272267,2.707134351586099,0.011788359090135401,0.01812347066416464,0.01922848801089841,28.22987656921705,0.026313204118177485,0.057083901989384726,0.009433784557121187,0.009433784557121187,2.574952271102968,3.469446951953614e-18,3.469446951953614e-18,2.6743399940309494,0.07224001792534973,2.4446222395486923,2.436032858001149,0.08173346625998534,0.1150238103778195,0.08131847906929147,0.11510167668009476
0.5,10.0,0.06323400971611973,1.0832987916560592,0.08751737216020009,27.470468075448636,0.0632872169043095,0.0645431634038599,0.00943378455712119,0.09428342011459577,0.12332882389996747,0.06891553072129404,0.006862730971342646,1.1182373524546827,0.008051111841461685,0.01191530000915031,0.010824471786900254,16.239877975395366,0.015123770901599741,0.03243635820896111,0.009433784557121187,0.009433784557121187,1.0836761479500967,3.469446951953614e-18,3.469446951953614e-18,1.141812881524698,0.04794188518576341,1.5636672617341045,1.5606908555762287,0.05374864860867344,0.07435399805446277,0.05386993215476498,0.07392015213365351
0.5,15.0,0.06691519468998756,0.4008507752229204,0.08070741858338827,13.206726391413442,0.0670084241407352,0.06742894946513343,0.00943378455712119,0.08383623909167703,0.098342174541537,0.07159309164097061,0.00413579521831552,0.3768575304697851,0.00490770140594083,0.007319783866575456,0.005336564639649508,7.679407729327905,0.0072663704038984315,0.015887053228583387,0.009433784557121187,0.009433784557121187,0.3946555463359014,3.469446951953614e-18,3.469446951953614e-18,0.3956837579845076,0.029527060287512473,0.8930748578450106,0.8879542794085342,0.032595462339470326,0.04412261996961925,0.03247475802511927,0.04401259904944574
0.5,20.0,0.06922724024484965,0.22041209945387205,0.0784398766580039,7.874174403540706,0.06922229634769918,0.06937107393267825,0.00943378455712119,0.08026247322670799,0.08876395843806978,0.07308463650114533,0.002888702398369072,0.1965445665535695,0.0033572948814451402,0.0049031551977955085,0.0032114282282721188,4.539033396340661,0.004282082174508661,0.00927428087956954,0.009433784557121187,0.009433784557121187,0.21554016036845133,3.469446951953614e-18,3.469446951953614e-18,0.19166245898730194,0.02100421049072189,0.597159766704814,0.5948967176659751,0.022942653592440167,0.0300560016530451,0.022854314402938763,0.03017867018086971
0.5,30.0,0.07190030682176064,0.12192294882396777,0.07742093925808351,4.0227117923335145,0.07190306004696904,0.07192541487527808,0.00943378455712119,0.07839176651871808,0.0826587854713481,0.07469567138518557,0.0017337576472772369,0.0868107628662168,0.0020371401555957236,0.00299256831295158,0.0016179287031089593,2.357931286407224,0.0021674262706057063,0.004688742148766252,0.009433784557121187,0.009433784557121187,0.12296592352130616,3.469446951953614e-18,3.469446951953614e-18,0.0862942997191399,0.01329100935063062,0.3473609125055391,0.34637719146170176,0.014337932921251607,0.018355216961000623,0.014413705267466225,0.018416248793262854
0.5,40.0,0.07335178536756408,0.09771331582362938,0.07731095608886301,2.6241328697500137,0.07339836845458986,0.07332739648568447,0.00943378455712119,0.07789195093271924,0.08066880479882668,0.07555096753953308,0.001252048579525137,0.05469642132697417,0.0014763736960825486,0.0021087446266064495,0.0010485524016792568,1.5006956256890676,0.0013937332321062924,0.0030030638320587464,0.009433784557121187,0.009433784557121187,0.0976594848778321,3.469446951953614e-18,3.469446951953614e-18,0.054500644878454206,0.009754628296470865,0.2420527892057381,0.2414111321956837,0.010408099649851359,0.013135521181688438,0.010423951559685767,0.01311180873560271
0.5,50.0,0.07429730720566728,0.08851267625111059,0.07735954077446155,1.9234854312390401,0.074312236341266,0.07426685216509533,0.00943378455712119,0.07779930438388202,0.07982137597782432,0.07608136514558614,0.0009563998386394514,0.039905858030468234,0.0011287574226048803,0.0016696976210626914,0.0007506180594753745,1.0740365498375533,0.0010237324338582673,0.0022000801582834633,0.009433784557121187,0.009433784557121187,0.08861241280547533,3.469446951953614e-18,3.469446951953614e-18,0.039401229430038036,0.007701133295892885,0.1844793666904704,0.18424396013765587,0.008182060621083556,0.010223509299618582,0.00823096678245737,0.0102662031697619
0.5,100.0,0.07622132933932937,0.07903263608849541,0.07770039724263508,0.8338551691605016,0.07622971140909036,0.0762159884683133,0.00943378455712119,0.07787667508246389,0.07868903231700335,0.07718341713603696,0.0004419212652490476,0.01720778280301622,0.0005224578760474881,0.0007634962431668834,0.0003054145423588968,0.4483738680652371,0.00042418919897647386,0.0008836475246856879,0.009433784557121187,0.009433784557121187,0.07898667536804511,3.469446951953614e-18,3.469446951953614e-18,0.01730482112836222,0.003793141082958432,0.08323478730482169,0.08346674437004767,0.004000076803449643,0.0048667300489529395,0.003991945408444774,0.0048314925846685884
0.5,150.0,0.07691012774306796,0.07812611692176366,0.07788204884231242,0.5453078742013628,0.07691793211563214,0.07690907508086266,0.00943378455712119,0.07799253803309976,0.07850084099531407,0.07756362094851821,0.00028958102314076623,0.01107385260947816,0.0003355943723202295,0.0004954311686309764,0.0001911000386067504,0.2755621435034389,0.00025659129359758464,0.0005551311472878067,0.009433784557121187,0.009433784557121187,0.07808112410216504,3.469446951953614e-18,3.469446951953614e-18,0.010906049743228416,0.002510473865050475,0.053546845892814034,0.05361462678516167,0.0026359896968822694,0.003183143122966481,0.0026340344448707756,0.003177639838459926
0.5,200.0,0.07726403199672759,0.07794395550686795,0.07798855568625893,0.41230683975465643,0.07726515976938665,0.07725914685882124,0.00943378455712119,0.07806981365223974,0.0784285191285635,0.0777562347875986,0.00021469828154156777,0.00819097752005586,0.0002516930766925843,0.00036700095018530845,0.00013679940368538176,0.20015794456569289,0.0001880931601351351,0.0003982238504581564,0.009433784557121187,0.009433784557121187,0.07799798125599082,3.469446951953614e-18,3.469446951953614e-18,0.008183692893772266,0.0018781444566575345,0.0393332016280619,0.03928062985306218,0.0019750410405711856,0.0023707096114898947,0.0019705761099620455,0.0023656170208953336
0.6000000000000001,0.01,311069.90927765897,280226034.92197967,326050.68959310424,293633932.937543,474654.68867727014,966240.099154269,0.00943378455712119,494769.065726658,1005853.3171698261,0.010822223593111108,322058.48184781347,292787227.0067216,507571.0572763729,1042744.3141148738,341268.41009195644,303741214.02406013,521739.847799939,1075158.5643739137,0.009433784557121187,0.009433784557121187,289848183.7334413,3.469446951953614e-18,3.469446951953614e-18,306076587.7230023,866.9899064280428,26090.709461926832,26154.0133447631,1062.4422553753038,1525.9940128668518,1063.2631204271152,1524.6001504569977
0.6000000000000001,0.05,2729.8970463460764,2407052.6816282133,3112.0126388953845,2765735.294935121,4170.873392747601,8335.954234488869,0.00943378455712119,4628.943929820101,9418.220306788744,0.015080895797001607,2827.7707506382567,2474246.2804534677,4499.3575324077,8966.818694635167,3063.1590957998483,2690192.8827386294,4600.364411019671,9157.317361474361,0.009433784557121187,0.009433784557121187,2414477.5751468865,3.469446951953614e-18,3.469446951953614e-18,2578604.333465723,80.48630513071937,2399.3115828563414,2405.086291134963,99.055238523846,141.5360931297022,98.26121263243017,141.11614646447626
0.6000000000000001,1.0,0.5328167250389287,438.62448275733664,1.8136601698299692,1595.5654669220378,0.7756545901757712,1.559089386270269,0.00943378455712119,2.7211801664434625,5.497010370226302,0.04304173826360708,0.5378252689087079,460.7693100428864,0.7714030216928691,1.5840102749100047,1.1205396920303365,1013.7889196609235,1.7345479594057769,3.480797243306667,0.009433784557121187,0.009433784557121187,448.03814948204507,3.469446951953614e-18,3.469446951953614e-18,471.8165531133959,1.0953217601892737,32.62895040355852,32.602965736752914,1.3350122453795412,1.9206712708293718,1.3377824412628645,1.9110903060618374
0.6000000000000001,3.0,0.07223352313166008,22.331076289796258,0.27781745161268007,195.07000570457416,0.08501488980550534,0.12371752479878198,0.00943378455712119,0.3828973005405107,0.7266449877097317,0.0568810287024058,0.04035536712822588,23.811023169929634,0.05453847839980737,0.09717364640079618,0.13210086012255073,116.18239879055913,0.19944411936126166,0.39620529382925446,0.009433784557121187,0.009433784557121187,22.32410472327207,3.469446951953614e-18,3.469446951953614e-18,23.94225210618482,0.25128960831169295,7.281841881967399,7.292898100030926,0.30511654481786216,0.4318028384555981,0.30308776831626866,0.4316005833062767
0.6000000000000001,5.0,0.06039327522712201,5.923108862808664,0.15369070352565417,81.19820142276933,0.06380811067808025,0.07328234321192083,0.00943378455712119,0.1980889306763578,0.34205852439920387,0.06266437614339582,0.019317054741682906,6.251051285283251,0.024386593578231724,0.03707723149520708,0.05405367993033323,47.331079698633516,0.08030612402870892,0.16632066375831997,0.009433784557121187,0.009433784557121187,5.968471606798274,3.469446951953614e-18,3.469446951953614e-18,6.424600960512463,0.1310189632219824,3.7342035812308723,3.7325356686233375,0.15763900597552974,0.22191995630339625,0.1578746694364554,0.22264246673540902
0.6000000000000001,7.0,0.06114615968883935,2.4838682156888257,0.1178128640720673,46.492304780392445,0.06257846539518153,0.06658975818945922,0.00943378455712119,0.14399549187038213,0.22591165276994984,0.06595936158943126,0.012978873020686971,2.5297387392015276,0.015897695945993814,0.023915592494864708,0.030926437264333726,27.324501424867474,0.046933019722884536,0.0950296404248151,0.009433784557121187,0.009433784557121187,2.4497666236742965,3.469446951953614e-18,3.469446951953614e-18,2.508124549567031,0.08707654723872775,2.4099016942880818,2.408923315215004,0.10363937517979561,0.14543708677546668,0.10363756653051437,0.14492877690800915
0.6000000000000001,10.0,0.06397914476552585,1.046798695209072,0.09825604120544155,26.290263522871822,0.06478985242916674,0.06609022228602958,0.00943378455712119,0.11320278483777929,0.1595794796720034,0.06891553072129404,0.008588751830277932,1.0591051473145814,0.010995039576823816,0.015559555939319684,0.017199831685544956,15.31666691741009,0.026379404026908315,0.05335577717072587,0.009433784557121187,0.009433784557121187,1.0386833379285354,3.469446951953614e-18,3.469446951953614e-18,1.0552913751953283,0.056704739843428185,1.5351831567812588,1.5279192781724946,0.06727874991123968,0.09286158696870324,0.06719858046200566,0.09324468019980903
0.6000000000000001,15.0,0.06737431345065303,0.38679640505765545,0.0859711651027191,12.891673142551172,0.06774185306607718,0.06783339047187815,0.00943378455712119,0.09312178241648562,0.11548490028380502,0.07159309164097061,0.005282092731075732,0.3714326886407406,0.006589245679404195,0.009255972550458052,0.008497032998823721,7.466472152988624,0.012783106429953731,0.025928856841096862,0.009433784557121187,0.009433784557121187,0.38974449761668273,3.469446951953614e-18,3.469446951953614e-18,0.37228678500189993,0.034057808271377214,0.877947647884441,0.8781143804056352,0.039803063580580667,0.05426537014377477,0.03981247869797268,0.054393361393010035
0.6000000000000001,20.0,0.06953820139253049,0.2076312267317807,0.08146694281363455,7.54917199354983,0.06979878692394904,0.06976095862449304,0.00943378455712119,0.08589949191316788,0.09906635756784633,0.07308463650114533,0.00369247835621718,0.1816776464363489,0.004524546017902946,0.006392417675843559,0.004935476606543655,4.36214414631712,0.00762392008764641,0.015300727663306424,0.009433784557121187,0.009433784557121187,0.21092876267754174,3.469446951953614e-18,3.469446951953614e-18,0.1883114786770354,0.023799796584210203,0.582423591396114,0.5824808686323361,0.02743234284651257,0.036913101356676435,0.027575856212162752,0.0369471837519654
0.6000000000000001,30.0,0.07214801048291573,0.119968218374813,0.07899881332837023,3.8714465667190803,0.07219752005682624,0.07206261607231823,0.00943378455712119,0.08118764611829911,0.08785381808341379,0.07469567138518557,0.00219021714305055,0.08105915967427375,0.002719710778791358,0.0038499575422954214,0.002524835342604423,2.2257234250095563,0.0038613241973382076,0.007731962507024075,0.009433784557121187,0.009433784557121187,0.12118229808327824,3.469446951953614e-18,3.469446951953614e-18,0.08274822433812357,0.014769500091201605,0.3414989910280838,0.3397051825535194,0.01679224122507506,0.0222054918220385,0.01682909155610579,0.02220177722502715
0.6000000000000001,40.0,0.07352887318151838,0.09704514204355476,0.07833244391165503,2.543316975517276,0.07356659025880659,0.07347238121227652,0.00943378455712119,0.07973282306135906,0.08405143986317087,0.07555096753953308,0.0015727607539817,0.053016552126550744,0.0019075437074318686,0.002755962874860498,0.001643475678431378,1.4551199348857367,0.002478729135069009,0.0050023686883243455,0.009433784557121187,0.009433784557121187,0.09803545278472195,3.469446951953614e-18,3.469446951953614e-18,0.05438169633063416,0.010701184003657042,0.23813310687071235,0.2374995134503245,0.01204761526681533,0.01577363465534319,0.012053532274285201,0.015767026357882533
0.6000000000000001,50.0,0.07439078301496882,0.08784447898093944,0.07808487906499265,1.861911993907801,0.07445956999739688,0.07434835100682902,0.00943378455712119,0.07905588850166761,0.08229609551335164,0.07608136514558614,0.0012213278133076113,0.039005295758438835,0.0014936716703144346,0.002130077287383707,0.0011800840058307175,1.0505209330485348,0.0017617642154122086,0.0037030682514526065,0.009433784557121187,0.009433784557121187,0.08836885453415393,3.469446951953614e-18,3.469446951953614e-18,0.038899338521519874,0.008424324808871148,0.18149722394978807,0.18093069008563012,0.009364098475414568,0.012156026739939839,0.009342648715701065,0.012219866133525383
0.6000000000000001,100.0,0.07629475900178849,0.078938748224626,0.07800138576032484,0.8028192388215033,0.07632419005218137,0.07624822461392322,0.00943378455712119,0.07841901346979406,0.07968430113702815,0.07718341713603696,0.0005544468325174863,0.016911844186036525,0.0006862024207445709,0.0009754086871622204,0.00048120354360257233,0.4270105118261776,0.0007294424169469239,0.0014792122348244853,0.009433784557121187,0.009433784557121187,0.07896859605772313,3.469446951953614e-18,3.469446951953614e-18,0.017048925823951667,0.004060185863637965,0.08194146267600955,0.08178621816414043,0.004452410542216395,0.005701550516413228,0.004479007313861458,0.005699646390582588
0.6000000000000001,150.0,0.0769547126136041,0.07786552489324408,0.07807311335057655,0.5285360617512552,0.07697598266377996,0.07694012668652389,0.00943378455712119,0.07832180286371991,0.0791296532817943,0.07756362094851821,0.00035883721752845736,0.010826047642201424,0.00044235715149199543,0.0006326924234698017,0.0003032618037172802,0.2615554395810612,0.0004598014301284024,0.0009213281846234345,0.009433784557121187,0.009433784557121187,0.07813600753499142,3.469446951953614e-18,3.469446951953614e-18,0.01089552346948224,0.0026764492540057526,0.05249906443165022,0.05268189923566706,0.002935631472009196,0.003693584440866216,0.0029280213413233865,0.0037299043084284564
0.6000000000000001,200.0,0.07730404293274358,0.07799050322757912,0.07812274793612722,0.40366506832938337,0.07731424965224704,0.07727793995168813,0.00943378455712119,0.0783047410479661,0.07887027091524901,0.0777562347875986,0.00026724612846339455,0.008065873112268553,0.00033060997255794536,0.0004735698297609008,0.00021633792899656808,0.18950573461356132,0.0003300110156362758,0.0006532273523717049,0.009433784557121187,0.009433784557121187,0.07781571882536106,3.469446951953614e-18,3.469446951953614e-18,0.00808275329373785,0.0019838528050599756,0.0388559524193503,0.038806928505704955,0.0021834549691293324,0.002746773743981411,0.002173097043542079,0.002754928658167366
