N_train_frac,lamb,unreg_pp_test_mean,unreg_nonpp_test_mean,reg_pp_test_mean,reg_nonpp_test_mean,unreg_jorg_max_test_mean,unreg_jorg_avg_test_mean,type1_nonpriv_loss,reg_jorg_max_test_mean,reg_jorg_avg_test_mean,type2_nonpriv_loss,unreg_pp_test_std,unreg_nonpp_test_std,unreg_jorg_max_test_std,unreg_jorg_avg_test_std,reg_pp_test_std,reg_nonpp_test_std,reg_jorg_max_test_std,reg_jorg_avg_test_std,unreg_pp_baseline_test_mean,unreg_jorg_baseline_test_mean,jorg_baseline_test_mean,unreg_pp_baseline_test_std,unreg_jorg_baseline_test_std,jorg_baseline_test_std
1651,0.01,8253.567077885213,21312646.966545656,8860.546118332333,21838137.65111341,10755.909577821618,19620.14353986339,0.5153148606039255,11278.27511964927,20720.94829437921,0.9011045616242521,12213.98372887805,32131343.757972714,16029.87887626191,28909.91873237075,12503.293363988018,31493121.388657216,16198.371424897003,29650.143929251415,0.5153148606039261,0.5153148606039257,21105977.51487202,1.1102230246251565e-16,2.220446049250313e-16,31117982.810772937
1651,0.05,76.36794368975134,183298.29845118464,91.0549300370504,226441.36942483168,92.32308320319818,171.31831199806473,0.5153148606039255,117.26090651332214,220.19285735663073,1.262256159567558,108.43756940165217,267477.86999599444,133.17463931918098,252.02086158058535,114.59200237421986,291986.5476862353,147.0240612685226,283.16615213259917,0.5153148606039261,0.5153148606039257,184025.0113334436,1.1102230246251565e-16,2.220446049250313e-16,273329.3235127835
1651,0.1,10.816249680978506,23492.180112898946,15.820861559971515,35583.29499274758,13.128833034884694,23.514126121490424,0.5153148606039255,19.48677561757438,34.924948599868,1.454352669500073,14.167120433302724,34546.14822033901,17.982410980031883,34.251983623529206,16.091128839279136,39419.46547492916,19.684081611323045,37.01988807908942,0.5153148606039261,0.5153148606039257,23833.52407293147,1.1102230246251565e-16,2.220446049250313e-16,34794.184339418374
1651,0.5,1.6260134678636848,242.41984238522863,2.6179397830990285,816.4893546609107,1.664785960168552,1.7450871751922732,0.5153148606039255,2.695355776303436,3.041065266608639,2.2775254412035224,0.3425604380286572,360.74746934582146,0.3991556684389682,0.5669376409703725,0.2675996074117082,640.6786218454862,0.33029198785986325,0.5940544844281421,0.5153148606039261,0.5153148606039257,244.79601856249693,1.1102230246251565e-16,2.220446049250313e-16,356.5550381871835
1651,1.0,1.950151805939943,37.274109803971925,2.9916403017930016,205.0012724205732,1.962278412629614,1.960465807775396,0.5153148606039255,3.0143686285275937,3.10188989660863,2.909178237671367,0.18515720501218916,52.809081333603565,0.21081070504934007,0.28006697125708396,0.05898104752837472,144.03799461726985,0.07490639332861711,0.14130486393730876,0.5153148606039261,0.5153148606039257,37.82797038822456,1.1102230246251565e-16,2.220446049250313e-16,54.07926207598079
1651,2.0,2.624711701860027,7.858559816286113,3.6762761355209057,59.68366587582774,2.633758951289094,2.6158741973321007,0.5153148606039255,3.6822828061926565,3.7059741861132016,3.652274644155038,0.10249934974635876,9.474495501386077,0.11645218281793478,0.15650089398684144,0.017031041157027683,38.947944227102205,0.02072229227618931,0.03691769144499224,0.5153148606039261,0.5153148606039257,8.059683495517897,1.1102230246251565e-16,2.220446049250313e-16,9.517721434641961
1651,3.0,3.123876624731925,4.919453320914492,4.089597833441358,31.80960705055348,3.1285088927839197,3.1133199585423377,0.5153148606039255,4.092909625258138,4.104767162750432,4.077599754070743,0.0708769587397158,4.4075111328403755,0.07978107325423779,0.10793835253272731,0.00842332287050281,18.905750019435224,0.010863166219678604,0.01916960727728475,0.5153148606039261,0.5153148606039257,4.9980215771104834,1.1102230246251565e-16,2.220446049250313e-16,4.4694539114008425
1651,5.0,3.7650864760230776,4.2281851123011345,4.551964418545515,16.621105480032522,3.7696069998146813,3.7568890642950903,0.5153148606039255,4.5534176748615645,4.558158474119282,4.546625129463814,0.04195321616498346,2.1769950262944673,0.04934784162134575,0.06419019347045567,0.003694300144554526,8.288976708526494,0.004609853340435275,0.007912940831649238,0.5153148606039261,0.5153148606039257,4.206604801551052,1.1102230246251565e-16,2.220446049250313e-16,2.1450443532500425
1651,7.0,4.151162043601498,4.334119646829298,4.802927980576526,11.768369399879239,4.154510522033073,4.145002180698343,0.5153148606039255,4.8038741422658875,4.806556446961555,4.7997691352028475,0.029318903150653493,1.4885111698471525,0.03487239874531664,0.04528144421709339,0.0022010026276509304,4.744753347178455,0.0027923010900852583,0.0048152268323672035,0.5153148606039261,0.5153148606039257,4.350812158272553,1.1102230246251565e-16,2.220446049250313e-16,1.48108388951989
1651,10.0,4.504743775111725,4.5719515354486004,5.018886534535473,8.937422355816222,4.507694847478658,4.499457918189165,0.5153148606039255,5.01947577810865,5.020898633800397,5.017104947463544,0.019243963137184458,0.9595822675349347,0.023878981178772893,0.030079772521536024,0.0012434633924675693,2.7072268371842005,0.001588543734429406,0.0026363545142355383,0.5153148606039261,0.5153148606039257,4.609379660006109,1.1102230246251565e-16,2.220446049250313e-16,0.9663528224909309
1651,15.0,4.828881671309457,4.8511225906344775,5.206634739911386,7.030453817051154,4.830774264404715,4.825574812513155,0.5153148606039255,5.206937028644141,5.207519979096308,5.2057377054653555,0.011224327992139026,0.5776316678217078,0.014947489038372997,0.018240008553149282,0.0006246692203221659,1.264293571061677,0.000825967345263209,0.0012632479161524186,0.5153148606039261,0.5153148606039257,4.847408239188973,1.1102230246251565e-16,2.220446049250313e-16,0.5631588650015913
3302,0.01,2096.7699878021963,5758891.380385985,2237.072823396761,5931993.023582979,2573.997582257781,5068.1683963034275,0.5075020387890798,2723.238918292323,5207.839145327954,0.9011981474061861,3082.155876794636,8412097.342520518,3722.4841752775465,7257.636510488141,3181.6231786149333,8439432.873766825,3933.079184774736,7494.4475080557595,0.50750203878908,0.50750203878908,5799036.952272439,1.1102230246251565e-16,1.1102230246251565e-16,8813050.607902003
3302,0.05,19.592785403798032,49040.45650321173,24.353829602920822,62284.255769431475,23.998201045880425,42.731959719783845,0.5075020387890798,30.697247605654386,55.16809090272535,1.2625014517561284,27.92453550484294,73040.34503806976,34.36942430401811,61.6557514805992,30.56527687677355,76819.93045951531,37.60035173653812,68.73838575855451,0.50750203878908,0.50750203878908,49493.56445696328,1.1102230246251565e-16,1.1102230246251565e-16,75051.96355921238
3302,0.1,3.6226561340228605,6648.134627342884,5.046950459392853,9814.004726359453,4.292076536563443,7.045479902133212,0.5075020387890798,5.883558963710896,9.961120276256166,1.4545842270073406,3.790543454290086,9684.075536026683,4.725343312673946,8.767312847463062,4.0238000504462885,10966.750427411042,4.872167090036439,9.636992582792491,0.50750203878908,0.50750203878908,6531.299290897689,1.1102230246251565e-16,1.1102230246251565e-16,9385.103837126815
3302,0.5,1.5499831082385969,67.97077918566278,2.361197819207081,229.5032131666081,1.559286167856824,1.578375575477901,0.5075020387890798,2.3822504747805366,2.474992605232493,2.277692781140076,0.15403498783260983,96.3671984234566,0.17586304943982117,0.24627776678861257,0.06563281550637805,177.26609747104635,0.08368094105390261,0.15504233102465478,0.50750203878908,0.50750203878908,69.06000518043537,1.1102230246251565e-16,1.1102230246251565e-16,100.96356677473219
3302,1.0,1.9337575893467382,11.320449994880835,2.930423848276161,59.90732785740891,1.9352798523100807,1.9342132744534153,0.5075020387890798,2.93548242919535,2.9588296560726977,2.909291992733494,0.0918724782597298,14.881353142205171,0.10251932866167926,0.1405364545132408,0.015722985292284372,40.901952032903885,0.01958105702673474,0.03632567071462154,0.50750203878908,0.50750203878908,11.607915509400835,1.1102230246251565e-16,1.1102230246251565e-16,15.133166712838097
3302,2.0,2.6157624359720817,4.120374557852213,3.6582798396775913,19.46793574296715,2.616622787901957,2.6119113780344096,0.5075020387890798,3.6598146139327747,3.666006172981862,3.6523358600798446,0.05081272238807385,3.4342714055023533,0.05910057980699771,0.07958817803262169,0.004434127115029976,10.930599898479688,0.005512077774901612,0.009989076848653428,0.50750203878908,0.50750203878908,4.089952839683775,1.1102230246251565e-16,1.1102230246251565e-16,3.4770296359257955
3302,3.0,3.1140865274777774,3.6229030764028343,4.080622730474516,11.847125627368477,3.116735615786961,3.10944431745735,0.5075020387890798,4.081436981841663,4.0843793678983245,4.077637668608504,0.03492208188982222,1.9938603472422665,0.04156577401715321,0.05446101496266029,0.0022835081096134174,5.342719357746623,0.0028498115155013667,0.004938196807158159,0.50750203878908,0.50750203878908,3.625937317178155,1.1102230246251565e-16,1.1102230246251565e-16,1.9897612832561342
3302,5.0,3.7579193490808174,3.8823421462265295,4.5479627236648605,7.864823973883636,3.759606509001934,3.7533526730062987,0.5075020387890798,4.548396190119094,4.549522920606435,4.546643601679256,0.020747570923087415,1.0973369891148093,0.025648839731091885,0.03272005072235093,0.0010516340338739252,2.2825609414205497,0.0013597180373556609,0.0021675917395803115,0.50750203878908,0.50750203878908,3.9010764603669195,1.1102230246251565e-16,1.1102230246251565e-16,1.1140707369294662
3302,7.0,4.145117121316767,4.184204149971003,4.800567353495464,6.767630955470991,4.146845019998148,4.141490887238519,0.5075020387890798,4.800844529888758,4.801456494944963,4.799779936798137,0.014647476208059793,0.7591664325367762,0.018767005207880758,0.023059075289833315,0.0006313500985368655,1.361170742778455,0.0008197703039591835,0.0012990008331458486,0.50750203878908,0.50750203878908,4.185409536301029,1.1102230246251565e-16,1.1102230246251565e-16,0.7599558230213849
3302,10.0,4.500414992995028,4.5237650745109095,5.017569381331268,6.0792396042308114,4.501783465986566,4.49733151924595,0.5075020387890798,5.017730488832593,5.0180612096527835,5.017110776415381,0.009558714517558502,0.5097672475898803,0.013090907626475967,0.015544489762592694,0.0003664472133675846,0.7321170354496472,0.0004942495901449198,0.000756088197442279,0.50750203878908,0.50750203878908,4.528188448979665,1.1102230246251565e-16,1.1102230246251565e-16,0.5013279283012636
3302,15.0,4.8254402145153685,4.834539693997953,5.205968347699192,5.712655658689176,4.826214110906898,4.823027306408076,0.5075020387890798,5.206067154369666,5.206175584919894,5.205740441412871,0.005598487918320288,0.298720094824712,0.0083822074998674,0.009373616585135655,0.000188429057645331,0.3447821075966082,0.00027961655792053746,0.00036289159160161064,0.50750203878908,0.50750203878908,4.823050503156817,1.1102230246251565e-16,1.1102230246251565e-16,0.29979805987621877
4953,0.01,977.8971935557481,2563443.034131127,998.2037580733959,2690429.8156615645,1186.9600223567654,2226.629900720119,0.5040402696564172,1243.8812487641171,2379.5238378636523,0.9010649956751772,1443.622178117701,3808501.4296724265,1758.5282867582496,3356.5375494718114,1408.6764324236692,3687047.524817353,1741.4577439896293,3380.612303727747,0.5040402696564178,0.5040402696564171,2597994.655058441,0.0,1.1102230246251565e-16,3744388.6860341025
4953,0.05,9.170406100889068,21913.97865160364,11.596585638069309,28196.102004745495,11.422494930694555,20.68604131885754,0.5040402696564172,13.90594693019195,25.345295437528183,1.2619361531006579,12.300249258729403,33123.77737822845,15.083831408036918,29.213389815487023,13.072333061976337,36629.257800868356,16.010640262526877,31.359581687997007,0.5040402696564178,0.5040402696564171,22301.441600700487,0.0,1.1102230246251565e-16,33494.19611124235
4953,0.1,2.261280803750463,3023.603766383553,3.0894829880919237,4418.414922433722,2.499655437279053,3.678926334707974,0.5040402696564172,3.4666192673497296,5.273375204270618,1.4538356759437705,1.6278390679498504,4427.222996687576,2.00974311911613,3.7518517596326904,1.863424048274829,4984.343766497894,2.347747749900738,4.4402797052521406,0.5040402696564178,0.5040402696564171,2953.5295358647236,0.0,1.1102230246251565e-16,4333.4358837119225
4953,0.5,1.5361683112201325,31.439359382618278,2.3152054602563,105.04723237262522,1.5393783281094835,1.5497652245735651,0.5040402696564172,2.324522001786532,2.3645772554620073,2.276831210335094,0.10241875176866364,43.55445777163334,0.11519817184942853,0.1614511994242466,0.03048305120511998,79.96466794533544,0.03831074949190438,0.06780042375893552,0.5040402696564178,0.5040402696564171,30.751011773785233,0.0,1.1102230246251565e-16,43.893528146641984
4953,1.0,1.9287498029623151,6.17167643511287,2.9187462954469616,28.112916216421308,1.9308068495339354,1.9273596604516388,0.5040402696564172,2.9211543829083193,2.930794851743916,2.9085464185602485,0.06059270707837657,6.856937234799946,0.06893508865127676,0.09421644548172728,0.00749931071207085,18.027068643671186,0.009214997722352859,0.016341009959788794,0.5040402696564178,0.5040402696564171,6.173822740807923,0.0,1.1102230246251565e-16,6.988363526511309
4953,2.0,2.613691122847673,3.2473081556306473,3.6549994274266004,10.625419177245533,2.6157586098166203,2.6108970812925696,0.5040402696564172,3.6557675030738173,3.65843812974639,3.65177084410152,0.03438977478420944,2.0469057090814218,0.03926868210725725,0.05290647088762,0.0022109555692221006,4.9408210713015235,0.0026978447246686407,0.004604127016981719,0.5040402696564178,0.5040402696564171,3.2752995848134545,0.0,1.1102230246251565e-16,2.068686040546403
4953,3.0,3.113332813832546,3.302684903988935,4.078990523140522,7.539933455584301,3.1155459247178943,3.110949343411713,0.5040402696564172,4.079388822773143,4.080672494402172,4.077185972932119,0.023875701998554693,1.2333328010882032,0.028262897879706702,0.03602761555689896,0.0011509407808126802,2.4113815854114784,0.0014546681502143762,0.0023992810031213934,0.5040402696564178,0.5040402696564171,3.327924668309729,0.0,1.1102230246251565e-16,1.2767177425839404
4953,5.0,3.7566806007590583,3.7926614175230817,4.5472315311877916,6.03966930362579,3.758768821203609,3.7538851744564656,0.5040402696564172,4.547464637067807,4.547932337727559,4.546322216221116,0.01395898297741669,0.7248819214601383,0.01823934841931207,0.021788641874727687,0.0005432977461205011,1.0267341561040386,0.0007257240197037698,0.0010627038060642266,0.5040402696564178,0.5040402696564171,3.8136922807736626,0.0,1.1102230246251565e-16,0.7281336446682758
4953,7.0,4.144501631819068,4.149581419778223,4.800133349273277,5.667144731823738,4.145827322373876,4.14208276482959,0.5040402696564172,4.800279192656786,4.8005328045206275,4.799530744699547,0.009862854681625398,0.5089164153967873,0.013221771730377764,0.015627877460616228,0.00033790587676375274,0.6004050989624533,0.0004585225795510075,0.0006600790556323215,0.5040402696564178,0.5040402696564171,4.153352115426978,0.0,1.1102230246251565e-16,0.5076502637341235
4953,10.0,4.499667229793323,4.491711948170799,5.017312932303504,5.496914674559501,4.500929643342514,4.497970201965704,0.5040402696564172,5.017410895767864,5.0175277688368425,5.016924464171053,0.0064735916475161985,0.3346809285692692,0.009307723022610445,0.01060820624442527,0.00020005727193877937,0.32456037216627104,0.00028571043103005974,0.00038183957587949283,0.5040402696564178,0.5040402696564171,4.492168570908388,0.0,1.1102230246251565e-16,0.3404889035506743
4953,15.0,4.824982865677307,4.8207856164459,5.205843103705886,5.430718252621975,4.8256767922065995,4.823533384079686,0.5040402696564172,5.205896154672792,5.205934991500744,5.205609321744006,0.003814011013779671,0.20055933307394025,0.006085632602230602,0.006518349413485898,0.000108751083768793,0.15161059495683324,0.00017091862546398328,0.0001988813374442082,0.5040402696564178,0.5040402696564171,4.817672874970511,0.0,1.1102230246251565e-16,0.19680079182213986
6604,0.01,545.8826101519078,1411281.209243185,575.0970699606993,1538902.127163103,670.4256535109638,1271.4476083458717,0.5433632443650849,692.0527285624021,1314.5328191502153,0.9009354374242676,805.9963776387954,2040225.5360957875,1012.0601769854394,1901.7975319793034,833.6095908151888,2146406.736427605,979.002847308645,1868.1096754753116,0.5433632443650854,0.5433632443650849,1439028.2014851994,1.1102230246251565e-16,0.0,2128009.409323034
6604,0.05,5.701306599219322,12455.14937597721,7.087715298116247,15263.14909102211,6.880686851466488,11.808031509486103,0.5433632443650849,8.279656898384026,14.904569195580386,1.262037638936727,6.965547774986117,18259.810834689353,8.608273044765706,15.930812494119529,7.466750909292272,19219.61904746485,8.695322624040402,17.03682603065611,0.5433632443650854,0.5433632443650849,12008.91386582025,1.1102230246251565e-16,0.0,18040.076407846893
6604,0.1,1.7746236287867065,1599.7146212229995,2.378861161862048,2404.1895679754393,1.9042860641758332,2.5895607510884844,0.5433632443650849,2.5918418425295515,3.5573611832188603,1.4540294493400185,0.9768622068236973,2435.44014476119,1.1275208708552418,2.1947281539140073,1.0465783403393245,2726.1489343427543,1.2910298006107555,2.394549211087534,0.5433632443650854,0.5433632443650849,1628.7288404525898,1.1102230246251565e-16,0.0,2456.901263326688
6604,0.5,1.5192728080462532,17.744719501835636,2.2982383087132447,57.634824366475804,1.5217148593200152,1.5247024911696303,0.5433632443650849,2.3033188154674438,2.325324611241393,2.2771003484947876,0.07548437107971794,24.456948824883344,0.08441813708702778,0.11616647639735862,0.017071060688889146,43.50976476876722,0.021197925623544382,0.038237356764301025,0.5433632443650854,0.5433632443650849,17.340063596629385,1.1102230246251565e-16,0.0,24.080521346839205
6604,1.0,1.9126498383784565,4.351890181863989,2.913998318787637,16.771500373211467,1.9135634207051015,1.9123463282966622,0.5433632443650849,2.915350937314473,2.9209535211485433,2.9087948184224106,0.045599871413546815,4.317846305060582,0.0508090208097758,0.0688345752511391,0.004033628046443184,10.044508176571709,0.005036510428224,0.009248470484466455,0.5433632443650854,0.5433632443650849,4.327699969909265,1.1102230246251565e-16,0.0,4.350858860578775
6604,2.0,2.5971566470008094,2.9766007976226057,3.653398960113045,7.494517506927086,2.597118990342937,2.5951736338993947,0.5433632443650849,3.653845232535871,3.6553423030707197,3.6519725145713844,0.025382052371238837,1.4341938078534944,0.03015832841249926,0.039949026746082805,0.0011857005140597549,2.6718149239697815,0.0015059474813449041,0.002572468656568955,0.5433632443650854,0.5433632443650849,2.960350125408881,1.1102230246251565e-16,0.0,1.407480453017527
6604,3.0,3.0979827484959386,3.2368798893224455,4.07804560749358,5.982540654390873,3.098549644835021,3.0961929996741047,0.5433632443650849,4.078280420339474,4.078976707766909,4.077353271135998,0.01761900765275117,0.9198946703766536,0.021910577432274817,0.027213323421690066,0.0006266207598943541,1.3203709031179496,0.0007858837639617437,0.0012790464292837056,0.5433632443650854,0.5433632443650849,3.247672901385004,1.1102230246251565e-16,0.0,0.9141216300820705
6604,5.0,3.744268244784128,3.768609609307436,4.546731000054625,5.356365461582731,3.744608991418931,3.7426822239031106,0.5433632443650849,4.546849892545262,4.547114877749276,4.546445977439808,0.01050879922980869,0.531803487626867,0.014109078914523943,0.01685196645551574,0.0002907889724132181,0.5484259644241328,0.00038125329267294135,0.0005692835279032739,0.5433632443650854,0.5433632443650849,3.777038840858103,1.1102230246251565e-16,0.0,0.5440385118203367
6604,7.0,4.133805954359908,4.143181092960514,4.799787836359177,5.274473399404343,4.134315906241733,4.132485925743422,0.5433632443650849,4.7998650815503545,4.800014266096839,4.7996286698873085,0.007333449544727591,0.3756787341905192,0.010582929538365324,0.011738813121806874,0.00017782707071908473,0.3290057221783651,0.00024675177644334784,0.00034541491835009876,0.5433632443650854,0.5433632443650849,4.151110780154797,1.1102230246251565e-16,0.0,0.3781457676936163
6604,10.0,4.491286168435511,4.498986155813055,5.017081603049212,5.277384555262642,4.491584255583703,4.490131169491791,0.5433632443650849,5.017132276271816,5.017205934569045,5.016998934848495,0.004813568399974443,0.24607947981793094,0.007581342487639522,0.008090086340858501,0.00010684520830102599,0.1754778076086742,0.0001559932471543296,0.0002056225917812202,0.5433632443650854,0.5433632443650849,4.499143379654058,1.1102230246251565e-16,0.0,0.25119564000486727
6604,15.0,4.818642170067056,4.820865561656973,5.205695934921611,5.329611346520488,4.8188183037021,4.817902438795425,0.5433632443650849,5.205724624066069,5.205752725859698,5.205662495293861,0.0028515533081842513,0.14711322343171532,0.004993752862328299,0.004932075880182839,5.586913503668638e-05,0.08529868677656832,8.981905415442964e-05,0.00010822965603164341,0.5433632443650854,0.5433632443650849,4.822466678770911,1.1102230246251565e-16,0.0,0.14494583436659883
8256,0.01,342.39821428629597,941106.3651831076,355.1706268710946,974657.6025287164,427.18451531591194,814.3689038502099,0.5432678590325836,442.00739940743574,832.9043054502698,0.9008471943382865,501.42547938037177,1394484.553655483,638.5192313021902,1186.4190593311205,505.0876456810613,1368012.0417731127,631.1551410121218,1165.8098391053315,0.5432678590325837,0.5432678590325837,933682.2555173775,1.1102230246251565e-16,1.1102230246251565e-16,1361002.4053365071
8256,0.05,3.939634706496314,7901.385098473364,4.960492067248137,10050.23621267534,4.707466062958563,7.9703262765051095,0.5432678590325836,5.879018084397817,9.999381387332066,1.26159184357783,4.287085384271703,11642.901377162338,5.545492110232574,10.495473312403266,4.720724107903805,12867.90338759812,5.744588060660056,11.064178419855143,0.5432678590325837,0.5432678590325837,8049.729709614491,1.1102230246251565e-16,1.1102230246251565e-16,12012.438672373948
8256,0.1,1.547238603886075,1080.757557491181,2.042649357580698,1560.120633145364,1.6347681353055035,2.078803795275131,0.5432678590325836,2.178305092819188,2.804138437819716,1.4535081902084335,0.6336041061615959,1634.744756413258,0.7499692910444486,1.3716572607249988,0.6633536178178748,1757.1908320760626,0.8082454829220839,1.4803517888877928,0.5432678590325837,0.5432678590325837,1070.91126816606,1.1102230246251565e-16,1.1102230246251565e-16,1566.1070721235312
8256,0.5,1.515153056936767,12.235035799463871,2.290370972511355,38.60449906079484,1.5178896027061985,1.5164257765245812,0.5432678590325836,2.293597104970274,2.308068617810617,2.276617272582677,0.059936897594506655,15.834204320381904,0.06880319832052892,0.0912981344803166,0.010835628090996752,28.638543665789673,0.013379395374114847,0.02435609767859009,0.5432678590325837,0.5432678590325837,12.178899147754073,1.1102230246251565e-16,1.1102230246251565e-16,15.99455110647119
8256,1.0,1.909526189387062,3.4286620237837373,2.9119455072753335,11.88554360774721,1.9107533001789831,1.9072352219576336,0.5432678590325836,2.9129546465046037,2.9163016292317248,2.9083925742710406,0.036081442816183154,2.875097497236095,0.040450358092184356,0.05433195096955235,0.0025756436017562436,6.337722449241174,0.003422212982036084,0.0056993762783435695,0.5432678590325837,0.5432678590325837,3.496501721900252,1.1102230246251565e-16,1.1102230246251565e-16,3.006451344391314
8256,2.0,2.593223784507883,2.808068960113073,3.6527769027234798,6.181556795800216,2.5958185518060257,2.590539881797038,0.5432678590325836,3.6530858540024345,3.653946484882095,3.6516732544852895,0.01999544041405855,1.0924830699092465,0.02456223798152241,0.03131292252942568,0.0007854736144457047,1.775235524728784,0.0009900026834405524,0.0016075962921773168,0.5432678590325837,0.5432678590325837,2.8192698663355005,1.1102230246251565e-16,1.1102230246251565e-16,1.1044412243159294
8256,3.0,3.0946939552040953,3.1591536732512893,4.077711468580674,5.317254564857426,3.0960042843644913,3.0923336431642996,0.5432678590325836,4.077906112735391,4.078278972466707,4.077115297929227,0.013777416243127316,0.7406803316268296,0.017686299974372297,0.02219527375194445,0.0004156552294348894,0.8447701734677663,0.0005500567924260623,0.00081136235646769,0.5432678590325837,0.5432678590325837,3.1680103246721414,1.1102230246251565e-16,1.1102230246251565e-16,0.7400454142112762
8256,5.0,3.7412022608117708,3.7661063264047305,4.546562371988776,5.085356999392607,3.7426458238294416,3.739328017042749,0.5432678590325836,4.546669608577309,4.546800970997765,4.546277249378781,0.008233486570970656,0.43187043264248637,0.011625713493238423,0.013430502814474145,0.00019033331142137314,0.37177943996335605,0.000275261344509579,0.00037376327988580517,0.5432678590325837,0.5432678590325837,3.7626245889566214,1.1102230246251565e-16,1.1102230246251565e-16,0.4414038137956047
8256,7.0,4.131166350415661,4.134225410504646,4.799679614893524,5.111746823223813,4.13251028623413,4.12948578701319,0.5432678590325836,4.799748496009136,4.79981579562411,4.799497997066999,0.005907993323446729,0.30172589962688834,0.008831360106657669,0.009662020587941612,0.00012136809769478138,0.21241306854045913,0.00017444914233773952,0.0002285126933611688,0.5432678590325837,0.5432678590325837,4.1378485647435195,1.1102230246251565e-16,1.1102230246251565e-16,0.30433006730002904
8256,10.0,4.489222199038742,4.489377783059323,5.017011570829271,5.189282366846477,4.490012289253179,4.488026013424928,0.5432678590325836,5.017059508849828,5.017083555963822,5.0169013037256605,0.003895447509145709,0.20032463299800293,0.006432202296362612,0.0064927513930320615,7.056633573905505e-05,0.11839613013353033,0.00011070600897268241,0.000132810090752366,0.5432678590325837,0.5432678590325837,4.4888495818377585,1.1102230246251565e-16,1.1102230246251565e-16,0.19879507965075324
8256,15.0,4.817057030035387,4.816703749804233,5.205656258816956,5.286327098071147,4.817795060610879,4.816260743762083,0.5432678590325836,5.20568435609752,5.205686045403906,5.205593814423543,0.002281212453739968,0.11815166063770204,0.004271692876200053,0.004101805012616601,3.8535880948986166e-05,0.05546617166229162,6.653577860762964e-05,6.949012455857754e-05,0.5432678590325837,0.5432678590325837,4.814635778869278,1.1102230246251565e-16,1.1102230246251565e-16,0.11881007414344162
9907,0.01,232.72441530511546,660620.9207985303,252.70172150814952,682296.0755081276,293.84334281259447,560.7556632660003,0.5435740753463342,314.2005998374998,585.5541147151723,0.9007609539741305,331.60644912928507,980208.983153665,420.6407277366831,824.076577050212,361.7974961402494,998915.8337646923,456.6110379740167,856.7806302617146,0.543574075346335,0.5435740753463342,653280.7037083415,0.0,0.0,977198.6724219092
9907,0.05,3.1237387530379506,5630.207513196156,3.8190532633702867,7198.769245878458,3.610476256306388,6.001526359248694,0.5435740753463342,4.482733976576673,7.343433073398413,1.261480101255241,3.125319605715699,8373.624436645925,3.8818277163937935,7.514963759923789,3.1720076305413425,9389.07177508875,4.1383034093220274,7.6173398677738,0.543574075346335,0.5435740753463342,5533.161654892611,0.0,0.0,8126.525467594591
9907,0.1,1.4206762485326054,751.9827511523492,1.8590817236542647,1122.3593631570604,1.4797671140263426,1.8076591004748295,0.5435740753463342,1.9597102214875601,2.4221874437746775,1.4534052777814368,0.43494990672639816,1102.0056766767743,0.518096093566342,1.0282076531980664,0.4530046127411874,1300.7974741501532,0.5646295976920329,1.092358942477879,0.543574075346335,0.5435740753463342,760.5759176840066,0.0,0.0,1150.7708102041397
9907,0.5,1.5148587792764543,8.959215016380831,2.2864078343103467,27.90451262639732,1.5164295362499864,1.514251429950895,0.5435740753463342,2.288673813465527,2.298945969778535,2.276543045143746,0.04903757741101918,10.872778067591595,0.056059655077336755,0.07654839505657449,0.007796417288406501,20.180391102380476,0.009565221345407611,0.017755255393474157,0.543574075346335,0.5435740753463342,8.968779573595114,0.0,0.0,11.307470992677894
9907,1.0,1.9099359202084008,2.9585152121166316,2.910995300646551,9.282457517579667,1.9129277759021894,1.9075588526754728,0.5435740753463342,2.91163725916011,2.9141239520911384,2.9083290886679967,0.03031601077379626,2.2014189905125328,0.03501714024357942,0.04590149083908977,0.001878363751034926,4.586362805505962,0.00238646324868855,0.00418317548436741,0.543574075346335,0.5435740753463342,2.9856033490772194,0.0,0.0,2.192802719240017
9907,2.0,2.5952962430606967,2.7363876023051854,3.652526306187346,5.404790521644497,2.5979542539779614,2.5919824011445236,0.5435740753463342,3.6527762621681075,3.6533593999741725,3.6516224221662146,0.017058057865880702,0.9060338833736024,0.020530843542193047,0.026551932036442523,0.0005982547948396224,1.2174023626889043,0.0007826429781943734,0.0012031983874704034,0.543574075346335,0.5435740753463342,2.749313723480695,0.0,0.0,0.9029359089555957
9907,3.0,3.096910281331499,3.1327497755405838,4.077587332642467,4.950357625614862,3.0992608985767474,3.0935747203580477,0.5435740753463342,4.077743512177769,4.077979574253326,4.077072915882868,0.01157942490410505,0.6056691607368745,0.015035017752896226,0.01832777034521027,0.0003226098397779816,0.6001320338887608,0.00042884125848285465,0.0006236788314513079,0.543574075346335,0.5435740753463342,3.1347337648340226,0.0,0.0,0.5999654217058856
9907,5.0,3.7434633577539005,3.7470358428042934,4.546518310294786,4.922120668581839,3.7453536831994874,3.7407037964981296,0.5435740753463342,4.546608910590697,4.546677291165779,4.546245570738142,0.006955059558330431,0.36190290100095085,0.010156909081939119,0.011379068861679623,0.00015127081069281155,0.2550103510126927,0.00022386759855474019,0.00028994762720006216,0.543574075346335,0.5435740753463342,3.750990525350553,0.0,0.0,0.3631872639472214
9907,7.0,4.133284495583641,4.131650855035243,4.799659289923092,5.017534580259497,4.135005132640474,4.13112379793082,0.5435740753463342,4.799719904629168,4.7997463335829424,4.799472760978492,0.004948790106230618,0.2565199847054326,0.00771520350445141,0.008374662983758845,9.749675221368883e-05,0.1477008292015217,0.00015408426562593742,0.00017788605859430824,0.543574075346335,0.5435740753463342,4.132419812772438,0.0,0.0,0.25545447087638573
9907,10.0,4.490963913977506,4.488374796292611,5.017005470972876,5.137865010828127,4.4921403103873265,4.489120347458537,0.5435740753463342,5.017047261537303,5.017048745966371,5.016881991798042,0.0032210872207777334,0.16971242022550326,0.005571680548808463,0.005669529239660051,5.9711543342891084e-05,0.0824576592761522,0.00010137346162403097,0.00010790926193748846,0.543574075346335,0.5435740753463342,4.487756164157808,0.0,0.0,0.16644395676713644
9907,15.0,4.818516436955307,4.814006478150617,5.205655824239455,5.261694640689798,4.819395301807945,4.817188427246089,0.5435740753463342,5.2056839310916745,5.20567312382136,5.205579947217208,0.0019054599804860142,0.10019763388080642,0.003805744242543949,0.003540062533984649,3.2095736267283534e-05,0.03848476349378051,6.383568051636994e-05,5.896392522806434e-05,0.543574075346335,0.5435740753463342,4.815193542993898,0.0,0.0,0.09907965840874496
11558,0.01,177.72613384877272,488172.01400819817,190.1083397566135,501509.9335342399,222.94634431544273,408.2042708977354,0.542468709117631,227.46842358734486,434.9071981242011,0.9006580315112418,252.32881793545607,699899.5206995553,336.17056563207217,628.0318566188745,275.4124090953465,715292.2248792629,319.22489773369483,611.4831608121842,0.5424687091176309,0.5424687091176309,475482.57882412936,1.1102230246251565e-16,1.1102230246251565e-16,704919.4056511003
11558,0.05,2.5516159787528037,4250.7605786136255,3.1439997950898904,5311.572879806526,2.872773165341574,4.614208045131918,0.542468709117631,3.598101772005848,5.679616409333912,1.261344439413566,2.3933086834433457,6407.345035006224,2.729190090828332,5.360109542838465,2.448677862821792,6739.6257482281535,2.942739636342813,5.678819050935411,0.5424687091176309,0.5424687091176309,4157.091306111857,1.1102230246251565e-16,1.1102230246251565e-16,6017.103172877753
11558,0.1,1.3446885815193346,563.2002170430396,1.7493105491429712,826.1949346111803,1.397913669445044,1.6192803552222037,0.542468709117631,1.8247799040211714,2.1478312057339415,1.453267632332822,0.3232606274887534,858.8076090336687,0.39226390047280046,0.7230965382023656,0.3318237937011153,943.5351227284787,0.41090751204757997,0.7800183704317446,0.5424687091176309,0.5424687091176309,534.259809662704,1.1102230246251565e-16,1.1102230246251565e-16,800.7395450642405
11558,0.5,1.5060781577763327,7.018482250803014,2.2834367300020344,21.05360288835258,1.5079268634182323,1.5078407165512684,0.542468709117631,2.285287371934876,2.292759825053787,2.276442940275989,0.04146145862759314,8.510023157712103,0.04705172134916959,0.06443174333735635,0.005410494907499646,14.687427689977385,0.0071272329564712935,0.013040816591509423,0.5424687091176309,0.5424687091176309,7.040072435904315,1.1102230246251565e-16,1.1102230246251565e-16,8.510334720989334
11558,1.0,1.9013050192656453,2.7360056989543837,2.9101086180954385,7.610378437346084,1.902566646849283,1.900031911228721,0.542468709117631,2.910589779925711,2.912408814629458,2.908244215669554,0.025843075469168315,1.8309747840358723,0.029630506065649813,0.03957793074349047,0.0013310257463654068,3.384301917271726,0.0016469353794243142,0.0029637341877715028,0.5424687091176309,0.5424687091176309,2.7159595252972473,1.1102230246251565e-16,1.1102230246251565e-16,1.82867284531699
11558,2.0,2.5860891953756457,2.6863747536421134,3.6521535247172365,4.949378331281703,2.5873034784894897,2.5854782067667617,0.542468709117631,3.652316362748134,3.652789646185002,3.651554636768023,0.014565562471885366,0.7599149090103193,0.017997566986759164,0.022402982770359823,0.00039992037927633197,0.9116167465740322,0.000508620866035719,0.0008525928057340935,0.5424687091176309,0.5424687091176309,2.7123783787339626,1.1102230246251565e-16,1.1102230246251565e-16,0.7838994494204101
11558,3.0,3.088583805060989,3.11531652412311,4.077351403015083,4.717339900698053,3.0893747495939925,3.087675250542458,0.542468709117631,4.077453781103609,4.077659261919103,4.0770164016218855,0.009924306167937977,0.5194689052418263,0.013123736580879923,0.015789637706697293,0.00020934198203656872,0.4414472674911646,0.00028307061707884257,0.0004299562665115415,0.5424687091176309,0.5424687091176309,3.1185633316102064,1.1102230246251565e-16,1.1102230246251565e-16,0.5296464228858523
11558,5.0,3.736779725836773,3.739940019862256,4.546377364849729,4.823754542443597,3.7375417335493926,3.7360997117324506,0.542468709117631,4.546433730766247,4.5465159584726305,4.546203314991231,0.0059462866209003306,0.3156819346573622,0.009005899185512858,0.009867374533494922,9.854441980656712e-05,0.18959536091614454,0.00014707110911478676,0.00020168102701135815,0.5424687091176309,0.5424687091176309,3.7425431619159526,1.1102230246251565e-16,1.1102230246251565e-16,0.3139655442554663
11558,7.0,4.127884477279026,4.130710528915402,4.799555999882708,4.9609823329721054,4.128555583388647,4.127293490197912,0.542468709117631,4.799594238662553,4.799635294745553,4.799439091193211,0.004216246185304639,0.2225705797306728,0.006895611453706067,0.007075822770644213,6.181394109499605e-05,0.10861009576966339,9.871803529744689e-05,0.0001242543071821346,0.5424687091176309,0.5424687091176309,4.125110813635404,1.1102230246251565e-16,1.1102230246251565e-16,0.21503723517627565
11558,10.0,4.486717431237117,4.481893939820948,5.016933432924264,5.10651569396985,4.487362745427034,4.486240181513577,0.542468709117631,5.01695916559436,5.01697593096693,5.016856221008139,0.0028021866298817625,0.14428768172954518,0.004959116310657167,0.004929880101333864,3.783700929590308e-05,0.061536609563403455,6.530993465339317e-05,7.35261165168204e-05,0.5424687091176309,0.5424687091176309,4.483937286767762,1.1102230246251565e-16,1.1102230246251565e-16,0.14388473544445923
11558,15.0,4.8153920651498305,4.813530007451003,5.205608386066908,5.247642092438423,4.815881265142441,4.815084475854092,0.542468709117631,5.205624535854749,5.205629262489657,5.205561439263274,0.0016432820478300247,0.08474353843721169,0.0034300378064799357,0.0030950588115773022,2.0410479735248816e-05,0.028680723560889174,3.996728504773002e-05,4.068331128923909e-05,0.5424687091176309,0.5424687091176309,4.813012062251207,1.1102230246251565e-16,1.1102230246251565e-16,0.08524463602578758
13209,0.01,134.45134004283085,364855.17269178835,143.41441061231444,384687.6581481024,171.5263621971061,328.28232645176996,0.5426054171556689,179.786660085494,334.73034842036327,0.9006003424578294,204.15113511407662,519222.15673649363,254.92639607617588,478.0619712692111,200.1952109413161,556374.566138814,254.49072209697522,472.6611233577515,0.542605417155669,0.542605417155669,365419.38160199503,1.1102230246251565e-16,1.1102230246251565e-16,532106.9107585936
13209,0.05,2.200315755959808,3202.2410696379934,2.7240016462995618,3920.85894790382,2.4724147764129345,3.7241129120550918,0.5426054171556689,3.0354332709623004,4.659542668801425,1.2612674653833107,1.7843597468674415,4772.109858162185,2.170551710146216,4.12642808606259,1.8166956083352361,5023.715113119536,2.277322964561385,4.345917983705697,0.542605417155669,0.542605417155669,3239.34054476949,1.1102230246251565e-16,1.1102230246251565e-16,4888.244516649439
13209,0.1,1.300028879630939,415.2598481306659,1.6840057012874219,616.7283775149878,1.3351724315377465,1.5069235145199404,0.5426054171556689,1.7389152614721963,1.9854855946272,1.4531993286112044,0.2470573215152905,601.8876782511038,0.29918352647927476,0.5590433749695105,0.26127628843478146,672.3068232814467,0.3207541110674462,0.59105835524048,0.542605417155669,0.542605417155669,427.22827730818625,1.1102230246251565e-16,1.1102230246251565e-16,633.7910960896093
13209,0.5,1.5054258949718584,5.638517370415892,2.281884220207644,16.53596094056595,1.506931807925372,1.5047274130291315,0.5426054171556689,2.28328965180668,2.288842742563401,2.2764119621866605,0.036707269196349,6.397183192610135,0.041651266882422364,0.05734027708174482,0.004225463138365428,11.268874708297533,0.005236753073251419,0.009551173630731807,0.542605417155669,0.542605417155669,5.5421260204641385,1.1102230246251565e-16,1.1102230246251565e-16,6.123499476059809
13209,1.0,1.8996025484278372,2.4894110364143787,2.9097072933316617,6.475796794791162,1.901548793253769,1.8963400264963166,0.5426054171556689,2.910150107611771,2.911443061369122,2.9082253260201965,0.022819683650217186,1.455447653232584,0.026172608875307556,0.03446874136997578,0.0010023571699557573,2.5165829470929495,0.0013453228073904474,0.002344441247977915,0.542605417155669,0.542605417155669,2.510595307651846,1.1102230246251565e-16,1.1102230246251565e-16,1.4855747894274975
13209,2.0,2.584419541123868,2.660721423600582,3.6520392739660483,4.650892164177937,2.586717058708454,2.5809419793430575,0.5426054171556689,3.6522131461231386,3.6524814270859736,3.6515440502263097,0.01281447738183232,0.6722908108223687,0.01595568647455882,0.019828100585543292,0.0003170844555630927,0.7008625430553052,0.0004301563828581577,0.0006542738371061787,0.542605417155669,0.542605417155669,2.665212845280954,1.1102230246251565e-16,1.1102230246251565e-16,0.6692500714474855
13209,3.0,3.086960551506846,3.112655354447713,4.0773018892344055,4.571001770011657,3.088795745928024,3.0837411873922282,0.5426054171556689,4.077402950882232,4.0775117158128165,4.077009130257979,0.008699520099771286,0.45661310504385183,0.011900605465863532,0.014091441414549422,0.0001693437045873752,0.34164391737238375,0.00023772857003233696,0.00033454009485071477,0.542605417155669,0.542605417155669,3.104460247969479,1.1102230246251565e-16,1.1102230246251565e-16,0.4547612904596252
13209,5.0,3.7354673159567717,3.732276134258164,4.546358424819383,4.758612114562847,3.737037130080194,3.73292458379425,0.5426054171556689,4.546420107845433,4.546435683901493,4.546198913801689,0.005297146715901086,0.2741768605354038,0.00804076080507682,0.008737831168959561,8.164719184370543e-05,0.14519978914490883,0.0001271833868507894,0.00015033983270225756,0.542605417155669,0.542605417155669,3.7394998045044847,1.1102230246251565e-16,1.1102230246251565e-16,0.27294420435771827
13209,7.0,4.1267451497892935,4.124403910831496,4.799546611408768,4.922737106868817,4.128109354246185,4.124652270285321,0.5426054171556689,4.799589893319302,4.799585689108714,4.799435963765512,0.003717061977021206,0.19039655445434914,0.0062183081674428275,0.006283788864930659,5.2925121161132016e-05,0.08464123976201708,8.608519475627247e-05,9.518480109149796e-05,0.542605417155669,0.542605417155669,4.1246401165906015,1.1102230246251565e-16,1.1102230246251565e-16,0.19023635148334095
13209,10.0,4.485831318218463,4.483845817334815,5.016929372909292,5.0843989440034205,4.486890794495505,4.484110693566464,0.5426054171556689,5.016960149485877,5.016945354203327,5.0168540535580926,0.002422517793959348,0.12624878351560273,0.0045821370294544484,0.004397824492225554,3.2539409391200696e-05,0.04659375244384341,5.851947068547543e-05,5.643380298696002e-05,0.542605417155669,0.542605417155669,4.480389419464678,1.1102230246251565e-16,1.1102230246251565e-16,0.12622823028697402
13209,15.0,4.814724342631103,4.810640047206376,5.205607043624374,5.237568143911419,4.815509682886892,4.813517691187162,0.5426054171556689,5.205627592441547,5.205611313997695,5.205560012807371,0.0014405888281393976,0.07421553904248859,0.0031417707116870456,0.0028137014850256313,1.7469039653617268e-05,0.021819666099867803,3.6358490182558674e-05,3.055556306359829e-05,0.542605417155669,0.542605417155669,4.812400899852584,1.1102230246251565e-16,1.1102230246251565e-16,0.07457853169822998
14860,0.01,107.63702106971107,284117.24698991474,115.14171392018469,305458.1414405117,133.72381865000676,252.31307589979247,0.5412846139609299,140.1047941077911,264.1586225655443,0.9005874271040205,156.48496130295274,414747.01125972345,201.55529359128528,383.5744959990954,164.45315241884188,430355.54890481796,201.6410713876265,368.98704835809076,0.54128461396093,0.54128461396093,294161.4777625686,1.1102230246251565e-16,1.1102230246251565e-16,437746.43824611197
14860,0.05,1.9347364306760453,2446.1814944830267,2.4011908629953402,3201.9929502251885,2.1891329591334494,3.1970249182928243,0.5412846139609299,2.6899417317134358,3.9691654792496207,1.2612769230257128,1.3454155277595026,3570.8081167895607,1.773050136710074,3.1955557273837187,1.4052644030681878,4158.95956504248,1.8204220106761582,3.4331139010489817,0.54128461396093,0.54128461396093,2586.4018199932398,1.1102230246251565e-16,1.1102230246251565e-16,3865.121045988915
14860,0.1,1.2693512247005891,334.852009076656,1.6349170419932535,496.78420250015074,1.2977409353550826,1.4317827913678816,0.5412846139609299,1.6744643512073432,1.8797681171256022,1.4532166440604508,0.20859343927498558,499.12050254996666,0.24244210682937678,0.44384451186489265,0.20445116174728578,569.6227925047938,0.24319935407036142,0.47896886501790714,0.54128461396093,0.54128461396093,334.3271437687367,1.1102230246251565e-16,1.1102230246251565e-16,490.6063231016866
14860,0.5,1.5066345882669876,4.784173587773101,2.280866870035722,13.883385888173859,1.5082582770988258,1.506859941239715,0.5412846139609299,2.2818897371956766,2.2864670177830355,2.276434373725614,0.032546047998151965,5.08408703956412,0.03707537283474222,0.051043297527495285,0.0034458567915904457,9.348793499494809,0.004167273208119007,0.007956779547000643,0.54128461396093,0.54128461396093,4.828364432160031,1.1102230246251565e-16,1.1102230246251565e-16,5.301963576567623
14860,1.0,1.9027187194312432,2.3820410673166914,2.909481078684719,5.7809248726963895,1.9038334020576888,1.901622630235164,0.5412846139609299,2.9098206995047207,2.910854519203929,2.9082450152797117,0.02033705097585263,1.2577818743449938,0.02304527648797999,0.0311933358212927,0.0008582139895357765,2.091281278621654,0.001098678009024668,0.0018993026610314165,0.54128461396093,0.54128461396093,2.3508456383152425,1.1102230246251565e-16,1.1102230246251565e-16,1.231547769643189
14860,2.0,2.5872455549770907,2.660090989232738,3.651997730708971,4.434673958126303,2.588858077720704,2.5856710113723653,0.5412846139609299,3.652130213502716,3.6523760130494645,3.6515592650687907,0.011225776996679005,0.5976258056311257,0.014344795881274955,0.01788284093455836,0.0002748569316906315,0.5429798126877271,0.0003677517107835877,0.000552646292525981,0.54128461396093,0.54128461396093,2.6504459243566854,1.1102230246251565e-16,1.1102230246251565e-16,0.5959611839208726
14860,3.0,3.0893677825119013,3.0930360621633786,4.077284008242331,4.469396273077638,3.091056070957596,3.0883963881559477,0.5412846139609299,4.077366446132924,4.077464479598011,4.077021444686739,0.0077022989245425465,0.4098482855939011,0.010788055043974348,0.012596271431239096,0.00014620440322717616,0.27106198906451334,0.00021150758973696425,0.00028981889889582855,0.54128461396093,0.54128461396093,3.1074441077307506,1.1102230246251565e-16,1.1102230246251565e-16,0.40667608105595443
14860,5.0,3.737435365625126,3.736900973386399,4.546355905261299,4.713416756110502,3.7385498080709803,3.73644355934318,0.5412846139609299,4.5464044758606486,4.54642379824587,4.546207803365323,0.004591277396221941,0.24267054966727206,0.007402747789849857,0.007782806477915987,7.437931909004048e-05,0.11631417270149755,0.00011777530003553676,0.0001363587303675017,0.54128461396093,0.54128461396093,3.7338400612691656,1.1102230246251565e-16,1.1102230246251565e-16,0.2451141837094099
14860,7.0,4.128293730304417,4.1236615724194765,4.799545300391066,4.8974365567693035,4.12930057704513,4.127479699383841,0.5412846139609299,4.799581205078152,4.7995854121458414,4.7994429128253095,0.003313003778435992,0.1695224143282342,0.005685144879333834,0.005669151615805161,4.722576780799498e-05,0.0659993678789162,8.043349402289599e-05,8.842169246177181e-05,0.54128461396093,0.54128461396093,4.126088486199816,1.1102230246251565e-16,1.1102230246251565e-16,0.1700182264282634
14860,10.0,4.486985013684792,4.4843721743969045,5.016928895871174,5.070589075325646,4.487776372379418,4.48640920399321,0.5412846139609299,5.0169539775308225,5.016949661772729,5.0168592864821075,0.002192130457590052,0.11326624697654833,0.004255659448855717,0.003999463250614031,2.8500355853392067e-05,0.03650020300002842,5.408937374690851e-05,5.351421024363619e-05,0.54128461396093,0.54128461396093,4.482635435164043,1.1102230246251565e-16,1.1102230246251565e-16,0.11147649075121195
14860,15.0,4.81558104185156,4.812062875513718,5.205608484177293,5.231039290056426,4.816137856835182,4.815158222108045,0.5412846139609299,5.205624187181423,5.20561644319441,5.205563718961847,0.0012855490173675312,0.06670113099320117,0.0029089929533960284,0.0025550128062798126,1.598912635408213e-05,0.01753813115779599,3.440501141084216e-05,3.011765795520485e-05,0.54128461396093,0.54128461396093,4.812271011513051,1.1102230246251565e-16,1.1102230246251565e-16,0.06619021623408518
16512,0.01,89.12106818603763,235868.75845487264,93.4495945433795,247179.4556879179,107.29383655886026,207.68196587437671,0.5416111027038739,112.39015992779117,213.0692859686948,0.9006096983423991,133.83830175974225,345377.55863532075,157.96227652932654,314.77423900166133,136.2548163482043,355574.237642257,155.63016424861326,299.03337578861226,0.5416111027038737,0.5416111027038737,240829.6483477266,2.220446049250313e-16,2.220446049250313e-16,357973.7213361822
16512,0.05,1.75455955726138,2073.4217296075344,2.186025615159526,2583.133127942364,1.929751319523901,2.7757798689298916,0.5416111027038739,2.407252406961532,3.4493821901437935,1.2612750724092416,1.1439784115737892,3076.4733836798796,1.3557926397667854,2.5856461478915156,1.1815152199209549,3273.128403987063,1.424904187421254,2.769875815708198,0.5416111027038737,0.5416111027038737,1993.8103349418682,2.220446049250313e-16,2.220446049250313e-16,2919.6438863842945
16512,0.1,1.2357107367214442,274.7067189126724,1.5984940645365084,398.97740958542727,1.2608204448816778,1.3667503343633445,0.5416111027038739,1.6327141140731911,1.7934202521309681,1.4532085472926326,0.1722461782646101,405.5075145739861,0.20090441890709643,0.3543564657740402,0.16298159147422828,438.4008854381004,0.19996128976223682,0.3751630377344813,0.5416111027038737,0.5416111027038737,273.9686563185601,2.220446049250313e-16,2.220446049250313e-16,411.6676134611301
16512,0.5,1.4914640023880612,4.1950669631598325,2.2798138923415032,11.579408037808829,1.4911740052121194,1.4932792370158081,0.5416111027038739,2.2806341425069268,2.2842784773834834,2.276422998645751,0.029048646253021955,4.3626249751745725,0.03212904864755496,0.04372711737385466,0.002689813237618894,7.195248707111633,0.00334138665601848,0.005965297008058989,0.5416111027038737,0.5416111027038737,4.2288954112864,2.220446049250313e-16,2.220446049250313e-16,4.329002122774973
16512,1.0,1.884324183382891,2.290593082214754,2.9090481087530464,5.213769098214026,1.884349229768315,1.883316141852337,0.5416111027038739,2.909281383626869,2.9101799826329096,2.9082352907784834,0.017551757056752968,1.0964825712069743,0.02067162801000553,0.027455571008683642,0.0006138710125118618,1.67350347425618,0.0007691731214610223,0.0013663149306029298,0.5416111027038737,0.5416111027038737,2.2854806278798407,2.220446049250313e-16,2.220446049250313e-16,1.1109529434004681
16512,2.0,2.568476934306084,2.6346095454404925,3.6517682127642024,4.293312824925062,2.56824299197789,2.5678061103392475,0.5416111027038739,3.651844544519146,3.6520894440577205,3.6515521176304877,0.01012589980922067,0.5304381479952109,0.01291408745758059,0.01603547340275921,0.00016886965890558869,0.44682565070274916,0.00021616796547686625,0.0003866254271216722,0.5416111027038737,0.5416111027038737,2.634887448376236,2.220446049250313e-16,2.220446049250313e-16,0.5334651658957892
16512,3.0,3.072305868546924,3.098423797218348,4.077112862338138,4.388888723493299,3.0721162230457995,3.0716629224967873,0.5416111027038739,4.077162663957855,4.0772781896786325,4.077015889595618,0.0069158504702908725,0.35879274044993126,0.009837707698589899,0.011305339905299652,8.269890266104866e-05,0.21314235432021306,0.00011391905394766765,0.00019614974293988798,0.5416111027038737,0.5416111027038737,3.098194929209922,2.220446049250313e-16,2.220446049250313e-16,0.3629764316591873
16512,5.0,3.7235486199921057,3.7333149399080954,4.546241130437486,4.682128045438368,3.7234282303266695,3.723049915266407,0.5416111027038739,4.546266536709908,4.546311002915133,4.5462040140565785,0.004202200714352485,0.2217884144403833,0.006736784258190316,0.007105889810841165,3.796205445425328e-05,0.0945274742553889,5.2552301133658456e-05,8.465341398859482e-05,0.5416111027038737,0.5416111027038737,3.7336072815209453,2.220446049250313e-16,2.220446049250313e-16,0.21990537035123314
16512,7.0,4.116885294546588,4.1245270856673,4.799458900800885,4.878840469296113,4.116840331647566,4.116493739235165,0.5416111027038739,4.799477624174823,4.799501822789163,4.799440056530887,0.002920095333985695,0.15144622455040763,0.005285633665723796,0.005121335110283485,2.247029061003037e-05,0.05456300683366209,3.371365950833623e-05,5.117734590643121e-05,0.5416111027038737,0.5416111027038737,4.125077348970352,2.220446049250313e-16,2.220446049250313e-16,0.15133808679218796
16512,10.0,4.47803779817837,4.4824684399134,5.01686571826383,5.060460270604451,4.477998615978088,4.477629069058236,0.5416111027038739,5.016878536649746,5.016889660766027,5.016857209200788,0.0018987856099006968,0.10111841772061284,0.004007120419336574,0.0035634029199899655,1.3428373014969626e-05,0.02988475475347465,2.1220308051689524e-05,2.9356137400303484e-05,0.5416111027038737,0.5416111027038737,4.481639803957709,2.220446049250313e-16,2.220446049250313e-16,0.10134454274534205
16512,15.0,4.809007173535446,4.812166198964791,5.205564415231181,5.225722353498123,4.808959571039149,4.808756774663366,0.5416111027038739,5.2055725921578935,5.205575915869167,5.205562295693608,0.0011609334009887447,0.059296655779283246,0.002759860605483649,0.002327801519434398,6.766031087935405e-06,0.013798622236522352,1.2310678577085931e-05,1.4588487993671659e-05,0.5416111027038737,0.5416111027038737,4.812133666341154,2.220446049250313e-16,2.220446049250313e-16,0.06029355189368224
